09/28/2021,Marlo,Boustred,577,mboustred0@discovery.com,213-915-4208,1
10/20/2021,Oswell,Aston,682,oaston1@hostgator.com,150-257-7897,3
09/20/2021,Base,Muldoon,677,bmuldoon2@sciencedaily.com,448-258-6761,3
07/19/2021,Harry,Antoszewski,808,hantoszewski3@cnet.com,237-732-6010,3
04/14/2022,Austin,MacMenemy,842,amacmenemy4@aboutads.info,375-103-8783,1
11/07/2021,Francisco,Elmore,552,felmore5@indiatimes.com,470-170-6072,0
08/06/2021,Marlo,Pendre,772,mpendre6@irs.gov,953-941-4534,2
06/01/2021,Myrwyn,Murphy,648,mmurphy7@psu.edu,274-744-9181,3
09/05/2021,Lacee,Lovatt,803,llovatt8@infoseek.co.jp,746-811-3471,0
12/17/2021,Trueman,Christley,655,tchristley9@a8.net,266-893-3905,2
10/14/2021,Nataline,Hellewell,587,nhellewella@t-online.de,166-858-9308,1
07/21/2021,Norrie,MacAdie,809,nmacadieb@blogspot.com,143-933-8872,0
05/13/2021,Dominik,Kalinsky,612,dkalinskyc@cbsnews.com,982-323-6584,3
11/14/2021,Sonnie,Gringley,549,sgringleyd@blogs.com,161-826-3265,1
08/05/2021,Maura,Orpwood,790,morpwoode@nyu.edu,420-919-8472,3
04/02/2022,Gib,Butler-Bowdon,762,gbutlerbowdonf@google.cn,140-239-3181,2
06/23/2021,Marianna,Older,627,molderg@newyorker.com,812-999-4359,3
05/16/2021,Jamaal,MacAllester,751,jmacallesterh@hp.com,151-668-7842,1
07/10/2021,Mahmud,Harsant,537,mharsanti@theguardian.com,840-171-0840,2
04/19/2022,Ky,Jagson,590,kjagsonj@parallels.com,113-175-5634,2
09/20/2021,Basilius,Hakking,754,bhakkingk@paypal.com,578-629-4561,2
06/07/2021,Giulio,Kerrich,772,gkerrichl@topsy.com,343-876-2249,1
05/07/2021,Karim,Diggons,519,kdiggonsm@apache.org,190-741-3435,1
08/21/2021,Mick,Cayton,769,mcaytonn@nba.com,758-611-3523,1
06/17/2021,Diane,Marvell,757,dmarvello@businesswire.com,851-897-1788,0
05/11/2021,Rance,Ballendine,623,rballendinep@miitbeian.gov.cn,829-396-8453,3
06/02/2021,Brandy,Faraker,785,bfarakerq@vk.com,789-296-2827,2
06/01/2021,Pierson,Shewon,708,pshewonr@home.pl,832-401-9462,2
03/13/2022,Rivy,Matuschek,806,rmatuscheks@bloglines.com,620-834-6310,1
03/27/2022,Carol,Blakeney,725,cblakeneyt@oracle.com,315-968-9293,2
10/12/2021,Renato,Blewitt,837,rblewittu@stanford.edu,728-137-6504,0
03/11/2022,Ollie,Asbrey,512,oasbreyv@microsoft.com,669-860-8916,2
10/14/2021,Goober,Plover,754,gploverw@about.com,635-995-8450,1
01/06/2022,Genny,Basnall,720,gbasnallx@dailymail.co.uk,548-940-0892,3
07/24/2021,Jada,Hallbird,567,jhallbirdy@blogs.com,967-796-9166,3
07/25/2021,Hamilton,Smewin,503,hsmewinz@rediff.com,346-969-3624,1
01/04/2022,Manolo,Herrema,827,mherrema10@addtoany.com,325-861-8622,3
12/10/2021,Allyson,Binder,704,abinder11@topsy.com,193-417-0668,3
08/31/2021,Terza,Hartland,574,thartland12@pbs.org,182-109-7380,2
08/27/2021,Armand,Mewha,567,amewha13@fc2.com,629-768-6694,2
06/25/2021,Anni,Warr,767,awarr14@homestead.com,402-891-6487,3
05/22/2021,Quillan,Vigors,685,qvigors15@opensource.org,446-352-9287,0
01/26/2022,Cointon,Stanlake,657,cstanlake16@reuters.com,740-601-8060,0
08/02/2021,Dix,Morrieson,777,dmorrieson17@flavors.me,995-851-6036,3
09/11/2021,Penelope,Opie,542,popie18@nps.gov,250-838-0416,3
10/03/2021,Sula,Anderl,635,sanderl19@usatoday.com,803-300-8538,2
01/25/2022,Benito,Braunes,565,bbraunes1a@cocolog-nifty.com,118-150-5061,2
12/11/2021,Dacia,Feetham,536,dfeetham1b@example.com,539-205-9354,2
01/31/2022,Joelly,Euels,619,jeuels1c@liveinternet.ru,491-694-0563,2
06/20/2021,Odilia,Gratton,667,ogratton1d@squidoo.com,415-546-7838,3
03/25/2022,Marrissa,Cholerton,707,mcholerton1e@yelp.com,833-750-7950,3
10/21/2021,Sanderson,Searchwell,688,ssearchwell1f@europa.eu,361-429-7419,3
11/09/2021,Samson,Dittson,704,sdittson1g@ibm.com,832-929-0002,3
08/13/2021,Arthur,Waldock,670,awaldock1h@miibeian.gov.cn,501-721-9812,0
09/19/2021,Camala,Yeld,786,cyeld1i@uiuc.edu,899-169-3826,3
05/08/2021,Nealy,Atthow,526,natthow1j@ftc.gov,559-371-4137,0
05/09/2021,Enrika,Boxill,605,eboxill1k@cloudflare.com,703-595-5215,3
03/04/2022,Darci,Grzegorek,809,dgrzegorek1l@jiathis.com,804-740-4621,3
09/04/2021,Jules,Kenan,804,jkenan1m@abc.net.au,960-734-1525,1
01/10/2022,Estelle,Watkin,816,ewatkin1n@symantec.com,856-225-8948,3
01/20/2022,Gertrud,Yglesia,540,gyglesia1o@mayoclinic.com,248-906-9768,3
02/08/2022,Anthia,Draisey,745,adraisey1p@g.co,195-242-4977,0
07/15/2021,Jacobo,Colliver,619,jcolliver1q@skyrock.com,759-698-8523,0
12/05/2021,Alayne,Gealy,576,agealy1r@mozilla.org,314-992-3149,3
08/11/2021,Prentiss,Babcock,662,pbabcock1s@pinterest.com,971-155-0583,2
11/26/2021,Rakel,Duns,830,rduns1t@acquirethisname.com,787-601-2883,2
05/01/2022,Harli,Sterrick,819,hsterrick1u@cnn.com,999-672-5491,2
01/18/2022,Arden,Aicken,723,aaicken1v@virginia.edu,412-614-7999,0
08/03/2021,Davidson,Jacobbe,570,djacobbe1w@people.com.cn,556-247-8782,2
06/27/2021,Alyse,Hatter,597,ahatter1x@vinaora.com,244-663-6306,2
12/25/2021,Vanda,Le Galle,741,vlegalle1y@addthis.com,201-824-5398,0
04/08/2022,Neron,Sansbury,787,nsansbury1z@statcounter.com,882-616-7622,3
10/16/2021,Kippie,Klink,551,kklink20@tripod.com,126-388-6845,2
08/15/2021,Izaak,Orrah,650,iorrah21@archive.org,193-808-3978,0
11/13/2021,Yasmeen,Benoy,835,ybenoy22@cafepress.com,264-533-8912,3
10/05/2021,Abra,Tidcomb,669,atidcomb23@msu.edu,319-622-5428,3
02/07/2022,Aretha,Ruckhard,658,aruckhard24@ezinearticles.com,407-123-9455,2
01/04/2022,Roderick,Lesor,518,rlesor25@intel.com,142-823-6178,1
02/23/2022,Milty,Pawson,824,mpawson26@delicious.com,537-107-1856,1
03/13/2022,Martin,Sessuns,506,msessuns27@phpbb.com,673-930-2456,2
06/26/2021,Roarke,Giller,793,rgiller28@prweb.com,218-773-9596,2
01/29/2022,Amie,Dulton,613,adulton29@google.cn,703-504-2684,0
07/30/2021,Meredith,Goggin,768,mgoggin2a@stanford.edu,239-340-6693,1
07/03/2021,Aurie,Whibley,627,awhibley2b@google.ca,803-352-5772,2
07/22/2021,Tore,Calcraft,629,tcalcraft2c@4shared.com,675-255-0608,3
06/01/2021,Meghann,Aymes,633,maymes2d@cisco.com,839-412-5908,3
08/06/2021,Sergei,Killingbeck,711,skillingbeck2e@list-manage.com,129-712-3149,1
10/08/2021,Hattie,Giuron,720,hgiuron2f@ucoz.com,535-482-4665,1
10/17/2021,Hersch,Hammerton,538,hhammerton2g@princeton.edu,503-921-3719,3
03/24/2022,Rudolph,Jacomb,714,rjacomb2h@amazon.co.jp,598-414-1496,0
08/28/2021,Elliot,Leynton,797,eleynton2i@discuz.net,937-279-1883,0
01/21/2022,Joella,Barabisch,620,jbarabisch2j@yellowbook.com,318-995-7567,2
07/23/2021,Forbes,Kelner,619,fkelner2k@cbsnews.com,587-285-9502,0
07/14/2021,Bernardina,Lecky,515,blecky2l@infoseek.co.jp,175-844-3975,2
10/05/2021,Aline,Warde,556,awarde2m@cam.ac.uk,186-131-1185,3
03/01/2022,Kaleb,Phelan,805,kphelan2n@sogou.com,547-882-4861,1
04/23/2022,Dede,Scutter,797,dscutter2o@goo.gl,686-360-7301,3
09/02/2021,Rosy,Urien,788,rurien2p@dailymail.co.uk,785-576-9102,3
09/06/2021,Dixie,Kohnen,678,dkohnen2q@businessinsider.com,463-555-7461,2
08/02/2021,Diandra,Vooght,780,dvooght2r@jalbum.net,628-287-3707,0
02/28/2022,Riane,Normavell,663,rnormavell2s@ifeng.com,869-453-2626,2
08/11/2021,Isabelita,Crannach,668,icrannach2t@furl.net,307-532-8253,2
03/28/2022,Antonina,Eslinger,753,aeslinger2u@xrea.com,274-951-7532,0
01/15/2022,Annora,Dran,733,adran2v@technorati.com,862-127-5679,2
07/06/2021,Kittie,Crutchley,607,kcrutchley2w@bbc.co.uk,259-833-6038,2
11/07/2021,Neile,Shinner,742,nshinner2x@dmoz.org,861-266-1274,1
05/22/2021,Marlena,Bulch,575,mbulch2y@mit.edu,655-124-2259,2
04/08/2022,Latia,Sally,570,lsally2z@etsy.com,197-128-8378,2
05/03/2022,Ram,McNae,717,rmcnae30@google.com,517-627-0611,1
03/06/2022,Olympe,MacKilroe,838,omackilroe31@yale.edu,486-418-5439,2
11/01/2021,Derk,Longden,846,dlongden32@taobao.com,403-228-8137,2
04/27/2022,Felecia,Siddaley,647,fsiddaley33@un.org,901-824-1263,0
08/10/2021,Marty,Maundrell,821,mmaundrell34@nytimes.com,954-930-3144,2
06/07/2021,Annabelle,Divisek,535,adivisek35@goodreads.com,614-144-0158,0
08/20/2021,Lawry,Colvine,564,lcolvine36@ow.ly,580-290-4250,3
06/09/2021,Jodi,Debenham,771,jdebenham37@amazon.co.jp,488-707-0148,3
11/19/2021,Aila,Matteoni,614,amatteoni38@pbs.org,610-334-3252,1
02/22/2022,Gustav,Quinevan,850,gquinevan39@netscape.com,587-587-5501,3
11/28/2021,Corabel,Clyma,662,cclyma3a@bloglovin.com,752-792-8562,2
05/19/2021,Tarrah,Breawood,651,tbreawood3b@blogtalkradio.com,247-261-4309,2
02/14/2022,Gordy,Hernik,769,ghernik3c@ifeng.com,174-610-0955,3
11/25/2021,Karl,Gockeler,559,kgockeler3d@mapy.cz,753-940-2270,3
04/06/2022,Gelya,Bradane,685,gbradane3e@netscape.com,916-939-0523,2
11/14/2021,Eve,Fletcher,728,efletcher3f@msu.edu,236-795-3169,2
05/01/2022,Hube,Gosson,842,hgosson3g@tripadvisor.com,826-119-8394,3
10/15/2021,Gladi,Reolfi,765,greolfi3h@hexun.com,686-526-6234,0
12/02/2021,Vidovic,Prettejohns,707,vprettejohns3i@businessinsider.com,260-397-6034,2
09/07/2021,Sauveur,Reside,648,sreside3j@aboutads.info,872-100-3412,3
07/19/2021,Sibilla,Lutz,820,slutz3k@yelp.com,810-289-7976,2
02/07/2022,Dorthy,Gniewosz,653,dgniewosz3l@hexun.com,556-336-6886,3
01/10/2022,Rhodia,Faley,740,rfaley3m@linkedin.com,460-213-5309,1
10/01/2021,Sigrid,Heintsch,828,sheintsch3n@mac.com,861-515-5023,3
02/01/2022,Esdras,Wildash,627,ewildash3o@icq.com,234-769-1516,1
02/20/2022,Harley,Fromant,781,hfromant3p@desdev.cn,834-117-4529,0
07/01/2021,Rafa,Stedman,767,rstedman3q@dell.com,740-149-3368,2
12/22/2021,Bruno,Grishukhin,686,bgrishukhin3r@arizona.edu,847-217-1065,0
05/16/2021,Gratiana,Gaiger,730,ggaiger3s@abc.net.au,208-559-6736,1
03/26/2022,Kelila,Gunthorpe,822,kgunthorpe3t@so-net.ne.jp,122-291-5963,0
02/04/2022,Ruddy,Boorer,651,rboorer3u@usa.gov,529-752-8077,1
05/31/2021,Mahalia,Wilber,626,mwilber3v@google.co.jp,511-601-9770,0
10/21/2021,Tammi,Sanger,693,tsanger3w@elpais.com,657-874-8686,0
01/23/2022,Avrit,Kaplin,804,akaplin3x@desdev.cn,465-993-6758,0
07/05/2021,Welsh,Swalwell,788,wswalwell3y@ft.com,428-712-0814,1
04/24/2022,Kerry,Sellens,642,ksellens3z@i2i.jp,462-996-4857,0
03/24/2022,Kimberlee,Gajewski,588,kgajewski40@diigo.com,687-955-0664,0
12/16/2021,Velma,Sabin,702,vsabin41@ezinearticles.com,488-403-3442,1
07/17/2021,Carter,Shannahan,741,cshannahan42@domainmarket.com,772-555-7401,3
02/02/2022,Lolita,Hadaway,708,lhadaway43@cnn.com,990-105-4145,0
12/26/2021,Lorain,Frankis,698,lfrankis44@jigsy.com,576-914-7477,1
02/01/2022,Horatia,Englefield,710,henglefield45@reuters.com,372-948-3531,2
02/24/2022,Carr,Barrowclough,647,cbarrowclough46@taobao.com,113-444-4154,1
08/01/2021,Nikolaus,Goulstone,666,ngoulstone47@time.com,408-546-3310,3
05/05/2022,Dalis,Dearden,637,ddearden48@cbsnews.com,860-187-5549,2
07/25/2021,Sylvia,Brain,786,sbrain49@naver.com,981-313-4000,3
04/26/2022,Farica,Bollam,795,fbollam4a@twitter.com,788-141-2029,3
03/13/2022,Vicky,Belfitt,846,vbelfitt4b@tuttocitta.it,459-383-5546,0
10/06/2021,Malissa,Dicks,692,mdicks4c@sun.com,422-459-7521,3
07/10/2021,Flore,Houchen,698,fhouchen4d@quantcast.com,799-315-9901,2
10/13/2021,Devora,Dovidaitis,774,ddovidaitis4e@i2i.jp,326-539-4461,3
11/25/2021,Rafa,Rottcher,760,rrottcher4f@nature.com,761-964-8862,1
07/14/2021,Barr,Morgan,727,bmorgan4g@disqus.com,398-167-8936,2
06/30/2021,Riane,Marchello,645,rmarchello4h@friendfeed.com,764-839-8498,3
10/27/2021,Shaine,Brimman,761,sbrimman4i@webmd.com,725-162-7326,0
06/08/2021,Coriss,Savil,794,csavil4j@shutterfly.com,837-940-8052,1
02/06/2022,Hurlee,Hews,775,hhews4k@posterous.com,249-960-8099,3
10/22/2021,Rozamond,Zelley,586,rzelley4l@imageshack.us,146-798-0688,1
05/04/2022,Reeva,Buggs,655,rbuggs4m@jimdo.com,402-534-7654,3
10/24/2021,Brendin,Broske,642,bbroske4n@typepad.com,637-643-1575,1
12/25/2021,Amble,Steuart,831,asteuart4o@yolasite.com,969-801-3262,2
03/31/2022,Maureen,Hawkswood,791,mhawkswood4p@vinaora.com,193-608-9970,1
03/23/2022,Bent,Aronoff,842,baronoff4q@shop-pro.jp,204-113-7793,0
03/04/2022,Babs,Polgreen,666,bpolgreen4r@bing.com,242-185-4580,3
12/17/2021,Conroy,Timcke,603,ctimcke4s@yahoo.co.jp,286-528-8167,0
02/05/2022,Karlens,Penhale,774,kpenhale4t@slate.com,632-642-0263,3
09/29/2021,Cassey,Pyle,782,cpyle4u@exblog.jp,921-187-8216,2
09/18/2021,Nicole,Featherstonhalgh,646,nfeatherstonhalgh4v@whitehouse.gov,611-989-3643,2
06/25/2021,Alvan,Cootes,791,acootes4w@elegantthemes.com,624-210-9163,0
01/07/2022,Levy,Loynes,726,lloynes4x@slashdot.org,614-641-3220,3
10/13/2021,Berkeley,McQuilliam,671,bmcquilliam4y@wired.com,404-501-0039,2
03/18/2022,Gerri,Silbert,505,gsilbert4z@wikipedia.org,443-140-6813,0
08/12/2021,Gennifer,Skillicorn,533,gskillicorn50@chron.com,286-715-8897,2
04/21/2022,Moses,Walhedd,800,mwalhedd51@globo.com,511-291-9465,1
03/20/2022,Ebba,Bielfelt,771,ebielfelt52@dell.com,381-749-6557,1
12/04/2021,Uri,Gabler,784,ugabler53@discovery.com,673-906-8480,1
09/13/2021,Elladine,Lyle,616,elyle54@upenn.edu,955-618-4707,2
07/16/2021,Maurizia,Deevey,792,mdeevey55@google.ca,160-304-0569,1
08/01/2021,Rosemaria,Littleton,843,rlittleton56@epa.gov,843-309-9752,3
01/18/2022,Peggy,Ayerst,672,payerst57@feedburner.com,306-565-0372,2
11/07/2021,Darryl,Darko,837,ddarko58@bizjournals.com,868-361-4349,0
03/14/2022,Orrin,Punter,843,opunter59@people.com.cn,495-405-6615,2
10/13/2021,Dallon,Golly,650,dgolly5a@paginegialle.it,925-409-0181,0
12/11/2021,Christoforo,Venning,697,cvenning5b@boston.com,652-681-6382,2
03/16/2022,Harry,Gealle,715,hgealle5c@alibaba.com,652-899-5148,2
07/18/2021,Augie,Woller,755,awoller5d@washington.edu,885-322-4951,2
08/30/2021,Hiram,Kinvan,732,hkinvan5e@tinypic.com,396-940-8973,0
01/15/2022,Ramonda,Bellis,560,rbellis5f@soup.io,178-627-5374,2
06/12/2021,Farly,Dripp,670,fdripp5g@meetup.com,980-139-6042,0
10/08/2021,Dyann,Yarrell,649,dyarrell5h@4shared.com,512-580-9331,1
07/24/2021,Fae,Pawnsford,707,fpawnsford5i@buzzfeed.com,628-776-6558,2
03/06/2022,Amity,Niles,664,aniles5j@bloglovin.com,569-212-6055,1
02/08/2022,Nerty,Van Der Weedenburg,718,nvanderweedenburg5k@twitter.com,813-401-7705,1
09/14/2021,Tadio,Eborall,686,teborall5l@hugedomains.com,844-945-1761,0
10/31/2021,Laraine,Wyon,506,lwyon5m@last.fm,212-153-2911,2
02/26/2022,Killian,Guyot,549,kguyot5n@wisc.edu,311-879-9690,2
10/12/2021,Kettie,Gadeaux,645,kgadeaux5o@imgur.com,249-841-9747,3
10/31/2021,Emmie,Burgill,649,eburgill5p@gov.uk,330-201-7228,2
12/10/2021,Rance,McCooke,616,rmccooke5q@edublogs.org,446-206-2919,1
04/23/2022,Neila,Vasenkov,693,nvasenkov5r@zimbio.com,368-431-2265,1
10/26/2021,Shell,Cayser,504,scayser5s@admin.ch,346-796-9545,1
07/13/2021,Farrell,Chastan,805,fchastan5t@slideshare.net,190-257-5293,3
12/04/2021,Hedwiga,Kerford,642,hkerford5u@taobao.com,238-172-3266,0
10/10/2021,Linus,Sandercroft,525,lsandercroft5v@si.edu,488-841-8378,0
05/08/2021,Jacinda,Osler,555,josler5w@youku.com,277-668-7534,2
02/10/2022,Celle,Chiommienti,692,cchiommienti5x@unc.edu,840-847-7545,2
04/18/2022,Janene,Titmuss,547,jtitmuss5y@skype.com,391-206-8474,0
03/07/2022,Eveleen,Klimsch,589,eklimsch5z@google.nl,502-388-1921,3
08/28/2021,Rosabel,Noden,544,rnoden60@tripadvisor.com,247-130-6341,2
06/28/2021,Koren,Lansberry,750,klansberry61@wiley.com,270-417-6825,3
12/07/2021,Timotheus,Dowson,647,tdowson62@npr.org,419-534-1828,0
02/18/2022,Sheela,Aslett,560,saslett63@webmd.com,693-857-4208,1
07/04/2021,Cassandra,Velareal,564,cvelareal64@wix.com,315-299-0886,1
01/25/2022,Lamont,Deinhardt,658,ldeinhardt65@disqus.com,674-121-6102,1
11/30/2021,Abel,Bugdall,704,abugdall66@seesaa.net,446-798-1396,2
10/08/2021,Helena,Southcoat,500,hsouthcoat67@vk.com,468-512-0078,1
11/18/2021,Madelina,Rayman,549,mrayman68@webeden.co.uk,779-994-1144,1
06/29/2021,Bennett,Martinets,841,bmartinets69@bbb.org,545-950-5336,0
07/04/2021,Odey,Ferriere,770,oferriere6a@timesonline.co.uk,584-563-2609,3
02/14/2022,Hube,Roglieri,611,hroglieri6b@mozilla.org,555-955-3566,3
06/23/2021,Katina,Mottram,602,kmottram6c@va.gov,389-198-3152,3
11/29/2021,Lezley,Abells,509,labells6d@arstechnica.com,704-713-4933,3
10/05/2021,Jayme,Cloney,821,jcloney6e@hud.gov,488-548-7129,2
02/21/2022,Blancha,Owbridge,641,bowbridge6f@taobao.com,896-165-1430,0
10/23/2021,Collie,Pack,832,cpack6g@yolasite.com,992-575-9293,1
05/16/2021,Sabina,Bocking,662,sbocking6h@qq.com,827-144-1511,1
06/29/2021,Claiborne,Dumingo,805,cdumingo6i@sbwire.com,441-809-5813,2
10/31/2021,Vanya,Beddoes,678,vbeddoes6j@va.gov,197-672-2902,0
05/05/2022,Gilbert,De Vaar,727,gdevaar6k@soup.io,385-393-6801,0
01/23/2022,Daloris,Cooling,729,dcooling6l@japanpost.jp,269-394-5432,0
10/11/2021,Calida,Farbrace,656,cfarbrace6m@wp.com,385-203-3330,3
04/20/2022,West,Stanmer,683,wstanmer6n@people.com.cn,517-541-3948,1
09/30/2021,Kaja,Dodsley,796,kdodsley6o@psu.edu,758-973-1409,1
07/14/2021,Jessie,Morais,752,jmorais6p@addthis.com,293-559-9582,3
09/09/2021,Moria,Hamon,655,mhamon6q@hugedomains.com,793-911-3968,3
07/15/2021,Emily,Zum Felde,842,ezumfelde6r@livejournal.com,197-464-6207,0
06/25/2021,Vinnie,Balassa,536,vbalassa6s@whitehouse.gov,221-889-9151,2
04/09/2022,Bette-ann,Plaunch,592,bplaunch6t@shop-pro.jp,820-353-5182,2
10/30/2021,Sapphira,Hare,654,share6u@chron.com,437-181-4958,1
12/16/2021,Greer,Akister,665,gakister6v@mit.edu,799-835-3684,1
07/30/2021,Lanny,Tschirasche,599,ltschirasche6w@hao123.com,582-127-5365,2
05/26/2021,Carri,Gisburne,631,cgisburne6x@berkeley.edu,734-977-8883,3
05/14/2021,Ardath,Jeanequin,680,ajeanequin6y@redcross.org,687-720-5442,2
05/18/2021,Beck,Joint,784,bjoint6z@princeton.edu,414-994-4117,1
05/11/2021,Kahaleel,Harsent,644,kharsent70@google.ca,297-370-2100,1
08/01/2021,Karl,Cowhig,795,kcowhig71@craigslist.org,447-502-5124,0
11/05/2021,Christophe,Lightfoot,702,clightfoot72@joomla.org,379-869-7516,1
05/31/2021,Tybalt,Bounde,562,tbounde73@prweb.com,450-893-3157,3
11/14/2021,Wendi,Rawe,807,wrawe74@chronoengine.com,618-455-9181,0
06/27/2021,Adorne,Kupisz,826,akupisz75@meetup.com,676-693-4716,1
04/09/2022,Ashli,Goodinson,695,agoodinson76@indiatimes.com,958-556-4747,3
05/14/2021,Noel,Aspinall,815,naspinall77@constantcontact.com,384-555-1726,0
12/19/2021,Yvonne,Kerans,779,ykerans78@myspace.com,563-878-6115,1
09/22/2021,Henderson,Caulkett,714,hcaulkett79@mapquest.com,181-834-1320,0
01/07/2022,Galvan,Tregiddo,530,gtregiddo7a@lulu.com,569-455-1087,0
10/17/2021,Josee,Norcop,530,jnorcop7b@google.co.jp,135-707-1589,1
08/01/2021,Bevon,Dumbellow,631,bdumbellow7c@psu.edu,146-257-2606,1
11/29/2021,Earl,Ugo,586,eugo7d@boston.com,634-994-5808,2
07/23/2021,Addy,Sommerled,648,asommerled7e@apple.com,904-353-1966,2
03/01/2022,Rudiger,Cristoferi,632,rcristoferi7f@ibm.com,954-331-7434,0
12/09/2021,Sophie,Baiden,533,sbaiden7g@alibaba.com,276-870-3870,1
01/21/2022,Keely,Patron,732,kpatron7h@freewebs.com,697-782-5500,0
08/08/2021,Clayton,Kynder,731,ckynder7i@rediff.com,716-451-9753,1
05/09/2021,Emmit,Turbill,751,eturbill7j@istockphoto.com,850-989-3491,3
12/03/2021,Deeann,Beavon,531,dbeavon7k@amazon.co.jp,198-311-6545,1
03/17/2022,Giordano,Hansley,696,ghansley7l@bloomberg.com,997-884-2476,0
03/28/2022,Gael,Gillions,625,ggillions7m@mac.com,330-484-2384,2
12/18/2021,Danika,McSperrin,787,dmcsperrin7n@instagram.com,967-993-3929,2
08/22/2021,Caleb,Hethron,607,chethron7o@mysql.com,698-683-7621,1
03/29/2022,Shena,Bendel,568,sbendel7p@bloglovin.com,136-233-0349,3
09/15/2021,Donella,Yokel,809,dyokel7q@devhub.com,542-373-4420,2
10/09/2021,Had,Mion,538,hmion7r@jugem.jp,899-118-4984,1
03/21/2022,Maudie,Georgius,723,mgeorgius7s@dmoz.org,819-277-2153,2
06/07/2021,Laughton,Rappa,611,lrappa7t@msu.edu,255-265-2716,2
11/01/2021,Elenore,Bauld,765,ebauld7u@imageshack.us,184-944-7796,2
12/25/2021,Christian,Avison,800,cavison7v@bizjournals.com,616-646-8147,3
01/25/2022,Rustin,Milnes,565,rmilnes7w@utexas.edu,421-534-2298,1
09/20/2021,Mindy,Donizeau,825,mdonizeau7x@bbb.org,409-398-6983,2
02/26/2022,Forest,Skells,539,fskells7y@hp.com,258-419-0135,0
03/01/2022,Alyosha,Brewin,779,abrewin7z@quantcast.com,937-914-6071,0
08/23/2021,Clari,Langlois,534,clanglois80@livejournal.com,415-122-9006,2
05/12/2021,Melonie,Salleir,568,msalleir81@ox.ac.uk,363-226-0942,0
03/24/2022,Pepi,Adey,586,padey82@hibu.com,200-662-6777,3
03/21/2022,Fletch,Hurlston,696,fhurlston83@bluehost.com,626-585-5184,3
06/13/2021,Diahann,Elcum,753,delcum84@bravesites.com,371-403-3886,2
01/25/2022,Bamby,Glyne,506,bglyne85@harvard.edu,145-305-7215,3
03/19/2022,Clementina,Crady,602,ccrady86@usda.gov,612-148-4736,1
10/14/2021,Jane,Karby,566,jkarby87@unicef.org,336-143-3927,2
07/08/2021,Anjanette,O'Fearguise,848,aofearguise88@barnesandnoble.com,738-229-4975,0
03/17/2022,Leoline,Rumbellow,834,lrumbellow89@oakley.com,563-169-8881,2
10/05/2021,Dougie,Gurwood,793,dgurwood8a@sakura.ne.jp,677-338-7240,3
09/09/2021,Karin,Docharty,750,kdocharty8b@craigslist.org,425-833-2481,3
08/28/2021,Carly,Tow,596,ctow8c@51.la,604-701-2898,2
03/15/2022,Lorettalorna,Fulleylove,832,lfulleylove8d@comsenz.com,804-151-8785,2
12/16/2021,Lexi,Willgrass,828,lwillgrass8e@1688.com,630-305-5647,3
05/07/2021,Doralyn,Guys,698,dguys8f@google.cn,725-612-3626,3
06/27/2021,Janette,Weeds,730,jweeds8g@hp.com,318-497-0368,3
10/28/2021,Bent,Gormally,617,bgormally8h@washington.edu,666-958-4488,1
09/16/2021,Hugibert,Tregea,829,htregea8i@amazon.co.jp,594-272-4080,3
07/03/2021,Vevay,Tweddell,611,vtweddell8j@state.gov,472-363-0838,0
11/09/2021,Pet,Laraway,794,plaraway8k@hc360.com,162-788-4505,1
08/02/2021,Fanechka,Collingham,553,fcollingham8l@amazon.com,336-219-3943,3
01/12/2022,Jackquelin,Mandrier,555,jmandrier8m@rambler.ru,829-229-1824,1
06/01/2021,Kean,Chester,750,kchester8n@spiegel.de,609-549-0559,1
10/20/2021,Becki,Mc Elory,766,bmcelory8o@fastcompany.com,433-637-4917,1
02/10/2022,Berget,Schach,647,bschach8p@prlog.org,819-191-1106,3
05/20/2021,Dorothea,Burris,760,dburris8q@diigo.com,448-362-0029,0
02/06/2022,Bride,Alfonsetti,600,balfonsetti8r@addthis.com,671-714-2261,3
01/15/2022,Chaunce,Hulks,713,chulks8s@weather.com,826-205-9804,1
09/25/2021,Maureen,Zavattiero,658,mzavattiero8t@ted.com,820-209-7104,3
04/25/2022,Ikey,Feldheim,621,ifeldheim8u@so-net.ne.jp,701-419-5825,3
01/14/2022,Ariella,Tapenden,814,atapenden8v@webmd.com,949-761-4241,3
08/05/2021,Gwenni,Moorwood,726,gmoorwood8w@sbwire.com,812-388-2325,1
11/04/2021,Kaile,Oger,517,koger8x@biglobe.ne.jp,156-849-4199,1
02/28/2022,Cynthia,Malkin,682,cmalkin8y@ehow.com,841-455-6080,3
04/01/2022,Netta,Dovey,662,ndovey8z@pinterest.com,736-780-7707,3
02/20/2022,Udell,Staggs,579,ustaggs90@walmart.com,595-922-2459,0
04/02/2022,Fitzgerald,Avramovich,794,favramovich91@fastcompany.com,249-690-1398,2
11/29/2021,Marvin,Crim,503,mcrim92@mozilla.com,371-808-7859,2
05/22/2021,Richart,Fotherby,715,rfotherby93@jimdo.com,120-480-3666,0
08/20/2021,Lammond,Ugoletti,808,lugoletti94@1688.com,110-256-9573,3
12/28/2021,Petunia,Jina,532,pjina95@list-manage.com,430-224-2843,1
07/18/2021,Domenico,Conrath,674,dconrath96@cdbaby.com,662-879-7530,1
06/17/2021,Henderson,Milbank,539,hmilbank97@ibm.com,234-986-4129,3
10/18/2021,Melisenda,Wones,557,mwones98@meetup.com,616-593-1986,1
11/17/2021,Marwin,Briskey,620,mbriskey99@state.tx.us,551-406-5082,1
10/05/2021,Marya,Smallbone,742,msmallbone9a@harvard.edu,383-839-5379,3
02/10/2022,Jenine,Jirousek,784,jjirousek9b@omniture.com,751-206-5212,2
06/20/2021,Lane,Gockelen,703,lgockelen9c@google.nl,313-418-3776,3
05/14/2021,Syd,Heliot,805,sheliot9d@indiegogo.com,934-410-9206,0
11/19/2021,Danita,Polendine,518,dpolendine9e@irs.gov,682-165-9659,3
03/16/2022,Donetta,Elen,750,delen9f@mashable.com,797-751-5146,3
02/26/2022,Gilbertina,Jedrzaszkiewicz,580,gjedrzaszkiewicz9g@cornell.edu,527-235-5320,2
04/18/2022,Tracee,Wilfling,765,twilfling9h@w3.org,804-430-6165,3
10/31/2021,Antoine,Cawkill,556,acawkill9i@biglobe.ne.jp,797-621-6602,0
03/26/2022,Willamina,Aronsohn,830,waronsohn9j@ifeng.com,358-354-6003,1
12/12/2021,Davidde,Duignan,779,dduignan9k@blinklist.com,132-318-3961,0
09/15/2021,Hartwell,Bozier,521,hbozier9l@hibu.com,584-360-8534,0
12/15/2021,Julianne,Brandham,725,jbrandham9m@elegantthemes.com,340-677-6643,0
08/16/2021,Daryl,Sinney,673,dsinney9n@nyu.edu,112-431-4502,3
06/27/2021,Codi,Fairfoull,839,cfairfoull9o@gov.uk,773-571-2638,3
04/30/2022,Davidson,McGuggy,613,dmcguggy9p@wiley.com,156-251-2561,0
12/15/2021,Barri,Wildman,702,bwildman9q@amazon.com,332-549-4227,2
05/21/2021,Felicity,Margrett,784,fmargrett9r@google.de,545-895-3317,3
09/19/2021,Nada,Gladyer,737,ngladyer9s@shinystat.com,620-328-0683,2
11/10/2021,Frazier,Fautley,751,ffautley9t@ucoz.ru,731-710-4145,3
04/05/2022,Luz,Lyptrit,777,llyptrit9u@gnu.org,228-105-5116,2
04/17/2022,Hurlee,Simanenko,806,hsimanenko9v@oracle.com,234-420-1300,2
04/23/2022,Neill,Swyne,615,nswyne9w@imgur.com,706-440-6170,3
02/25/2022,Natasha,Prinne,802,nprinne9x@rakuten.co.jp,319-397-2997,1
06/13/2021,Jeramey,De Filippis,811,jdefilippis9y@umich.edu,644-848-4781,3
01/03/2022,Bailey,Helstrom,690,bhelstrom9z@hc360.com,157-631-2820,0
11/27/2021,Kalli,Brient,521,kbrienta0@theatlantic.com,131-849-3469,3
05/12/2021,Nikolaos,Petrillo,726,npetrilloa1@illinois.edu,450-466-6193,1
12/30/2021,Katherine,Guisler,762,kguislera2@xing.com,217-538-2406,2
05/02/2022,Gerrie,Tofanini,558,gtofaninia3@opera.com,676-154-1248,0
05/06/2021,Clayton,Kapelhoff,584,ckapelhoffa4@nymag.com,356-882-4637,3
07/28/2021,Merola,Surr,688,msurra5@sina.com.cn,945-592-0567,2
07/08/2021,Garret,Tuite,541,gtuitea6@gov.uk,488-780-7775,2
04/13/2022,Derby,Scawton,555,dscawtona7@amazon.com,262-256-0829,3
09/10/2021,Carlynn,Yegorovnin,668,cyegorovnina8@phpbb.com,851-202-6751,3
07/31/2021,Robyn,Petracchi,595,rpetracchia9@statcounter.com,521-863-7064,1
02/20/2022,Bailey,Peert,647,bpeertaa@google.pl,859-551-2441,1
02/06/2022,Mabel,Anglim,683,manglimab@biglobe.ne.jp,330-187-8577,2
01/13/2022,Toby,Thomasson,573,tthomassonac@gnu.org,624-827-2313,0
07/10/2021,Dolf,Pallant,580,dpallantad@ehow.com,578-250-9487,2
03/19/2022,Marianne,Banham,756,mbanhamae@nifty.com,811-593-6896,1
02/28/2022,Jacklyn,Bithell,815,jbithellaf@theglobeandmail.com,101-902-5860,0
11/27/2021,Kaiser,Crake,729,kcrakeag@irs.gov,920-104-8052,3
04/02/2022,Blaine,Pendre,789,bpendreah@plala.or.jp,551-926-0249,0
07/25/2021,Ros,Maffiotti,707,rmaffiottiai@state.gov,357-162-1602,0
02/27/2022,Marnie,Ruppert,804,mruppertaj@google.com.br,186-664-8411,0
12/21/2021,Zilvia,Gerold,839,zgeroldak@typepad.com,208-305-7718,1
06/11/2021,Myron,Jewise,745,mjewiseal@jiathis.com,434-305-8059,0
12/06/2021,Nertie,Colebourn,549,ncolebournam@homestead.com,898-441-4403,0
10/17/2021,Pepito,Duetsche,634,pduetschean@cmu.edu,211-124-6308,0
06/30/2021,Shurlocke,Nazer,619,snazerao@java.com,192-654-2698,1
09/16/2021,Shelia,Unwin,561,sunwinap@wikipedia.org,327-357-0228,0
09/10/2021,Charmion,Ickowicz,800,cickowiczaq@senate.gov,122-183-5735,2
07/27/2021,Haslett,Eldritt,560,heldrittar@berkeley.edu,772-359-1030,3
04/21/2022,Armstrong,Beniesh,846,abenieshas@ucsd.edu,260-326-9077,1
03/24/2022,Jard,Shortell,607,jshortellat@wordpress.com,483-486-0709,2
01/13/2022,Yoshi,Castle,738,ycastleau@feedburner.com,696-803-0195,0
06/11/2021,Elihu,Rottger,614,erottgerav@senate.gov,137-354-4542,0
04/04/2022,Nanice,Ragborne,662,nragborneaw@tuttocitta.it,711-504-1063,2
06/15/2021,Alwin,Riha,686,arihaax@wikia.com,679-924-0442,2
12/12/2021,Madeline,Croome,832,mcroomeay@yandex.ru,104-513-9016,0
11/28/2021,Kissiah,Woolvin,605,kwoolvinaz@jiathis.com,532-136-7581,3
01/31/2022,Robby,Gerrelt,823,rgerreltb0@craigslist.org,336-593-0191,1
08/09/2021,Henryetta,Goning,804,hgoningb1@e-recht24.de,322-103-9458,0
04/21/2022,Rudolph,McConnulty,818,rmcconnultyb2@etsy.com,799-186-2452,2
12/05/2021,Gothart,Whitear,522,gwhitearb3@thetimes.co.uk,920-149-6827,0
09/12/2021,Marlane,Hext,638,mhextb4@discuz.net,569-758-6248,3
10/30/2021,Franciska,Bartczak,675,fbartczakb5@netlog.com,837-759-7106,0
04/25/2022,Sherlock,Mollin,745,smollinb6@163.com,461-373-1851,2
06/21/2021,Orsola,Shalliker,550,oshallikerb7@scribd.com,683-646-3686,3
05/17/2021,Rodger,Aitcheson,551,raitchesonb8@youtube.com,923-730-7765,0
12/22/2021,Alvera,Barke,519,abarkeb9@businessinsider.com,381-979-6980,1
10/31/2021,Rowland,Corton,765,rcortonba@ft.com,709-764-2487,0
03/20/2022,Allyce,Cuthill,743,acuthillbb@1688.com,927-661-8069,0
05/13/2021,Cull,Eam,837,ceambc@china.com.cn,500-611-6858,0
02/24/2022,Siana,Sharpless,835,ssharplessbd@printfriendly.com,661-557-6375,1
06/21/2021,Kathryne,Beedie,596,kbeediebe@github.com,120-359-7565,2
08/24/2021,Holly,Chezier,803,hchezierbf@nhs.uk,312-388-2784,2
02/23/2022,Gayla,Burder,785,gburderbg@about.com,324-551-5371,1
09/26/2021,Symon,Vinnicombe,579,svinnicombebh@cdc.gov,845-581-2834,3
10/20/2021,Ema,Torres,787,etorresbi@wix.com,245-219-3181,3
03/16/2022,Cybill,Martinson,799,cmartinsonbj@cnbc.com,212-219-1643,2
08/15/2021,Say,Forte,553,sfortebk@moonfruit.com,343-400-2832,2
10/18/2021,Charlean,Frome,544,cfromebl@live.com,211-888-8458,3
08/07/2021,Cornelle,Leyshon,578,cleyshonbm@shutterfly.com,939-872-9208,1
08/27/2021,Jo,Robroe,773,jrobroebn@prnewswire.com,996-541-3990,1
11/20/2021,Maxwell,Gowthrop,593,mgowthropbo@123-reg.co.uk,254-524-9370,3
04/26/2022,Mechelle,Restall,611,mrestallbp@baidu.com,813-220-6127,2
11/18/2021,Celestyna,Wasteney,677,cwasteneybq@dailymail.co.uk,264-262-3538,3
12/11/2021,Celesta,Lawrence,766,clawrencebr@icq.com,589-546-9348,2
11/09/2021,Roxanne,Issacov,628,rissacovbs@opensource.org,427-589-3997,1
12/01/2021,Benni,Chill,673,bchillbt@technorati.com,514-244-6091,0
05/10/2021,Lorrie,Gittings,555,lgittingsbu@google.co.uk,973-153-8554,1
01/08/2022,Burnard,Meyer,838,bmeyerbv@nymag.com,803-931-1452,1
02/09/2022,Sallie,Willgoose,596,swillgoosebw@nymag.com,472-571-8406,3
06/08/2021,Mag,Ranklin,721,mranklinbx@nature.com,514-433-4779,2
05/16/2021,Hayyim,Cornels,699,hcornelsby@japanpost.jp,189-602-5358,2
09/25/2021,Jerome,Meran,824,jmeranbz@xing.com,750-742-3613,2
04/01/2022,Elnora,Daile,810,edailec0@cbslocal.com,545-647-8508,0
03/04/2022,Cass,Teresa,523,cteresac1@amazon.de,652-586-1632,0
11/24/2021,Fallon,Livingston,506,flivingstonc2@who.int,371-517-1640,3
08/29/2021,Gillian,Worvill,685,gworvillc3@deviantart.com,849-432-7831,0
12/13/2021,Kelley,Kitt,674,kkittc4@si.edu,855-158-6189,1
12/25/2021,Willis,Josskowitz,803,wjosskowitzc5@so-net.ne.jp,779-966-4793,3
09/17/2021,Arlyn,Whye,847,awhyec6@nba.com,432-125-2829,0
06/28/2021,Melicent,Minichillo,501,mminichilloc7@artisteer.com,391-496-2694,2
01/04/2022,Lea,Karpf,596,lkarpfc8@behance.net,324-761-9100,3
06/25/2021,Valentine,Baudacci,566,vbaudaccic9@ihg.com,621-520-1896,0
02/13/2022,Alexine,Kochs,563,akochsca@weather.com,921-749-2223,1
01/13/2022,Elizabeth,Benton,505,ebentoncb@booking.com,869-696-1437,2
03/27/2022,Gannon,Bramwell,550,gbramwellcc@angelfire.com,761-318-7009,2
08/31/2021,Ediva,Pimbley,650,epimbleycd@businessweek.com,311-617-2412,2
06/05/2021,Polly,Takis,760,ptakisce@jimdo.com,556-816-6439,1
02/15/2022,Hube,Kyle,631,hkylecf@ycombinator.com,950-295-6024,1
08/12/2021,Doralia,Longland,601,dlonglandcg@devhub.com,900-412-8529,0
10/17/2021,Tera,Hawkes,582,thawkesch@bbb.org,557-569-6862,2
12/04/2021,Rodrick,Lineker,637,rlinekerci@oaic.gov.au,724-540-8982,3
02/04/2022,Veronike,Aish,553,vaishcj@addtoany.com,436-745-6640,1
08/26/2021,Xavier,Davidowich,618,xdavidowichck@hud.gov,260-469-8202,3
09/07/2021,Osgood,Tuft,625,otuftcl@studiopress.com,453-241-8737,3
05/04/2022,Chase,Goublier,850,cgoubliercm@parallels.com,966-313-6138,0
08/06/2021,Gena,Horstead,595,ghorsteadcn@edublogs.org,826-770-1891,1
11/05/2021,Gisele,MacGuiness,764,gmacguinessco@fastcompany.com,922-385-1551,3
12/10/2021,Nico,Carnduff,770,ncarnduffcp@sitemeter.com,903-321-6447,0
10/01/2021,Marabel,Radolf,561,mradolfcq@pagesperso-orange.fr,349-763-8554,2
12/29/2021,Adams,Trewett,603,atrewettcr@jalbum.net,383-503-8624,2
09/27/2021,Ulysses,Hedylstone,777,uhedylstonecs@com.com,762-130-0077,0
06/11/2021,Hinze,Bedrosian,796,hbedrosianct@tinypic.com,314-640-5936,1
06/12/2021,Iosep,Ricket,828,iricketcu@smh.com.au,859-128-4938,2
05/24/2021,Valina,Alabone,596,valabonecv@telegraph.co.uk,323-222-1326,1
05/09/2021,Mallory,Ingilson,619,mingilsoncw@intel.com,706-379-8624,2
07/03/2021,Emile,Leipelt,761,eleipeltcx@usgs.gov,832-385-8062,2
07/27/2021,Jules,Joinsey,585,jjoinseycy@usa.gov,684-297-8877,0
01/26/2022,Marybeth,Fontaine,810,mfontainecz@nih.gov,263-821-4696,3
08/07/2021,Dunc,Iddons,562,diddonsd0@techcrunch.com,788-123-4191,0
05/15/2021,Marius,Cromly,747,mcromlyd1@gnu.org,646-181-6760,0
02/24/2022,Rozalin,Sawell,572,rsawelld2@homestead.com,307-895-6662,2
11/25/2021,Minor,Burnyate,804,mburnyated3@narod.ru,389-229-8592,2
01/10/2022,Kendal,Eatherton,551,keathertond4@163.com,957-702-6087,3
07/11/2021,Ray,Meeus,507,rmeeusd5@alexa.com,665-189-9635,2
05/10/2021,Abbey,Tussaine,568,atussained6@aol.com,705-154-8073,2
01/08/2022,Sasha,MacGettigen,685,smacgettigend7@mysql.com,209-790-6578,3
03/28/2022,Gregorius,Harmeston,712,gharmestond8@ow.ly,931-587-6204,1
04/09/2022,Carmela,Elion,774,celiond9@thetimes.co.uk,836-598-4921,0
06/02/2021,Worthington,Heliot,580,wheliotda@google.nl,358-734-6088,1
03/28/2022,Pernell,Methringham,627,pmethringhamdb@twitter.com,177-544-1658,3
07/12/2021,Victor,Stout,569,vstoutdc@cargocollective.com,150-653-0936,1
08/05/2021,Brena,McAllester,541,bmcallesterdd@statcounter.com,770-158-0623,0
12/28/2021,Tull,Barnish,797,tbarnishde@gov.uk,226-580-5096,2
11/26/2021,Karisa,Cluet,617,kcluetdf@cdbaby.com,157-985-9368,0
01/29/2022,Tallie,Berry,796,tberrydg@wordpress.com,537-108-2059,2
03/17/2022,Carina,Base,780,cbasedh@usgs.gov,680-412-2534,2
02/10/2022,Zebedee,Chancelier,722,zchancelierdi@multiply.com,797-250-7541,3
09/04/2021,Etti,Annies,750,eanniesdj@yelp.com,377-913-7659,1
10/23/2021,Robert,Micheli,804,rmichelidk@walmart.com,615-419-4673,3
03/01/2022,Winthrop,Challicombe,602,wchallicombedl@51.la,630-117-0418,2
07/09/2021,Betsy,Hirjak,553,bhirjakdm@nature.com,714-499-4407,1
04/26/2022,Ianthe,Clift,658,icliftdn@infoseek.co.jp,528-835-0676,0
04/26/2022,Anabal,Simonelli,847,asimonellido@japanpost.jp,910-172-2235,1
10/29/2021,Barnabe,Daud,569,bdauddp@fema.gov,156-725-6775,0
10/14/2021,Cesare,Garbett,746,cgarbettdq@amazon.co.jp,236-232-2052,1
02/28/2022,Whitman,Kytley,672,wkytleydr@nbcnews.com,183-597-3284,1
01/06/2022,Humfried,McGlew,570,hmcglewds@toplist.cz,675-313-6908,2
05/17/2021,Tony,Rafe,523,trafedt@opensource.org,119-102-9404,2
12/14/2021,Elladine,Speke,747,espekedu@imdb.com,113-776-5486,2
11/16/2021,Cara,Emlyn,502,cemlyndv@nature.com,547-254-5827,2
09/25/2021,Sadella,Bertelmot,546,sbertelmotdw@nymag.com,959-942-4279,0
02/01/2022,Johnnie,Jaquet,765,jjaquetdx@techcrunch.com,161-626-6112,2
06/28/2021,Elliott,Goodyer,780,egoodyerdy@hugedomains.com,940-902-0586,3
01/15/2022,Arden,Ingleton,551,aingletondz@illinois.edu,713-648-8657,2
01/01/2022,Phip,Marvell,618,pmarvelle0@tripod.com,336-217-5638,1
02/19/2022,Christos,Blakesley,808,cblakesleye1@4shared.com,832-560-7397,0
11/01/2021,Trent,Collip,585,tcollipe2@behance.net,103-723-6462,1
07/18/2021,Michaella,Kennford,545,mkennforde3@liveinternet.ru,295-539-6500,1
05/29/2021,Eugine,Duffell,805,eduffelle4@vimeo.com,703-302-6162,0
01/05/2022,Averyl,Vondrach,582,avondrache5@scribd.com,272-598-1174,3
02/19/2022,Giacinta,Murdy,799,gmurdye6@devhub.com,858-114-7988,2
10/26/2021,Mitchael,Whittam,797,mwhittame7@discuz.net,667-138-8046,3
07/05/2021,Yoshi,Banford,677,ybanforde8@eepurl.com,646-412-2292,1
04/01/2022,Carlita,Boxhall,750,cboxhalle9@i2i.jp,738-380-3391,2
07/08/2021,Quinn,Goodbourn,624,qgoodbournea@si.edu,302-901-6810,1
07/23/2021,Lu,Ferriman,800,lferrimaneb@t.co,944-681-3311,1
03/16/2022,Janice,Lockyear,544,jlockyearec@reverbnation.com,387-200-9408,1
11/23/2021,Delinda,Askam,678,daskamed@uiuc.edu,397-425-5672,2
03/15/2022,Ladonna,Ivasyushkin,735,livasyushkinee@foxnews.com,180-850-0445,0
10/17/2021,Toma,Kornalik,616,tkornalikef@sun.com,572-526-6061,2
09/14/2021,Kylynn,Swinden,524,kswindeneg@merriam-webster.com,961-559-4151,3
01/01/2022,Linet,McVitty,735,lmcvittyeh@columbia.edu,567-974-7865,3
01/10/2022,Temp,Souster,637,tsousterei@whitehouse.gov,174-508-9709,2
09/02/2021,Dorey,Gudeman,759,dgudemanej@wiley.com,518-924-3271,1
11/02/2021,Jorey,Pember,512,jpemberek@php.net,769-714-4773,3
02/07/2022,Free,Heinrici,844,fheinriciel@mediafire.com,296-926-2413,1
06/24/2021,Dom,Jira,729,djiraem@woothemes.com,604-929-0292,0
12/05/2021,Alejandrina,McAdam,645,amcadamen@upenn.edu,902-156-5517,1
06/29/2021,Dell,Tothacot,637,dtothacoteo@soundcloud.com,729-750-7001,3
08/25/2021,Vina,Strang,808,vstrangep@bing.com,458-204-6083,0
07/19/2021,Christiane,Zealander,834,czealandereq@fotki.com,724-218-3311,0
12/18/2021,Marjory,Bompass,552,mbompasser@acquirethisname.com,355-133-1553,3
07/18/2021,Edmund,Tweedie,548,etweediees@nih.gov,243-301-1164,3
02/21/2022,Cord,McNalley,650,cmcnalleyet@creativecommons.org,700-293-0708,0
06/13/2021,Brunhilda,Kerins,828,bkerinseu@icio.us,966-959-0616,0
06/22/2021,Tomaso,Slay,584,tslayev@washingtonpost.com,781-916-1255,2
06/28/2021,Baldwin,Ciccone,630,bcicconeew@mac.com,115-708-8763,0
12/08/2021,Chad,Nafziger,651,cnafzigerex@bluehost.com,345-129-6624,2
08/28/2021,Hilary,Allum,664,hallumey@mediafire.com,240-976-5444,3
11/26/2021,Kelcie,Lanphier,511,klanphierez@myspace.com,197-449-3887,3
07/17/2021,Benita,Haukey,742,bhaukeyf0@histats.com,435-161-2862,0
05/21/2021,Demetri,Ryton,548,drytonf1@trellian.com,589-288-6786,3
10/29/2021,Brittan,Gallally,679,bgallallyf2@globo.com,479-705-7889,2
10/25/2021,Irvin,Lander,591,ilanderf3@nature.com,134-637-2360,3
12/25/2021,Alejandro,Ferber,704,aferberf4@4shared.com,164-107-5911,0
06/23/2021,Beitris,Mushawe,502,bmushawef5@webmd.com,786-256-2893,0
05/30/2021,Albertina,Kubecka,740,akubeckaf6@opensource.org,205-143-4352,0
06/23/2021,Davin,Gomme,595,dgommef7@indiegogo.com,946-369-5389,0
01/03/2022,Rafi,Raynor,846,rraynorf8@usnews.com,450-340-2267,1
06/25/2021,Nannie,O'Neill,709,noneillf9@senate.gov,550-430-3321,2
05/14/2021,Rakel,Arrighetti,533,rarrighettifa@yale.edu,479-739-5511,0
07/30/2021,Fredia,Haster,521,fhasterfb@elegantthemes.com,788-596-7877,0
12/26/2021,Callida,Cluer,729,ccluerfc@marriott.com,114-552-5346,2
10/30/2021,Flossie,Lindroos,818,flindroosfd@abc.net.au,737-228-6637,0
03/22/2022,Tony,Gedling,793,tgedlingfe@umn.edu,299-802-7199,0
07/22/2021,Norris,Etches,784,netchesff@jugem.jp,209-764-5114,2
08/27/2021,Niel,Bettley,547,nbettleyfg@bloglovin.com,434-686-8655,3
06/16/2021,Melamie,Pobjay,526,mpobjayfh@salon.com,349-789-3730,3
08/19/2021,Lara,Wickliffe,535,lwickliffefi@mapy.cz,443-452-5121,1
03/01/2022,Annadiana,Strathdee,797,astrathdeefj@tinypic.com,279-517-4604,1
12/15/2021,Terrill,Thys,778,tthysfk@stumbleupon.com,405-527-5071,1
01/15/2022,Shawna,Kemer,553,skemerfl@digg.com,548-678-2446,0
09/07/2021,Berry,Ockland,590,bocklandfm@bbc.co.uk,497-950-7778,1
10/30/2021,Aileen,Checci,584,acheccifn@infoseek.co.jp,348-629-0388,3
03/31/2022,Michael,McHaffy,665,mmchaffyfo@icq.com,375-770-7471,2
12/11/2021,Kerri,Kocher,618,kkocherfp@jigsy.com,605-739-4936,1
06/24/2021,Ferne,Frape,516,ffrapefq@symantec.com,713-240-2165,1
04/04/2022,Bernadette,Settle,708,bsettlefr@moonfruit.com,676-220-2442,2
04/02/2022,Jeanie,Mariotte,651,jmariottefs@linkedin.com,507-154-5620,3
09/29/2021,Hodge,Ryles,768,hrylesft@businesswire.com,445-450-3631,1
10/23/2021,Andre,Plues,581,apluesfu@disqus.com,791-820-9301,3
05/24/2021,Kane,Wince,638,kwincefv@dyndns.org,410-649-8528,3
02/21/2022,Bili,Ditch,739,bditchfw@bluehost.com,959-552-9220,3
01/11/2022,Jecho,Josephsen,621,jjosephsenfx@ted.com,942-229-6962,1
02/19/2022,Sharl,Dows,529,sdowsfy@google.com,676-612-8000,2
08/15/2021,Bink,Sharpin,805,bsharpinfz@intel.com,455-168-4282,3
02/07/2022,Gradeigh,Ickovicz,732,gickoviczg0@domainmarket.com,319-550-1040,2
03/14/2022,Tess,Albon,825,talbong1@elegantthemes.com,277-427-3929,3
12/10/2021,Barb,Josifovic,792,bjosifovicg2@nps.gov,637-424-6861,2
09/02/2021,Rosaline,Purse,749,rpurseg3@sohu.com,606-671-0459,3
10/07/2021,Bartie,Chicchetto,747,bchicchettog4@surveymonkey.com,612-118-8206,2
10/24/2021,Cherlyn,Pitblado,512,cpitbladog5@wsj.com,212-113-9550,1
12/10/2021,Aaren,Stobbart,670,astobbartg6@merriam-webster.com,791-426-5308,3
07/27/2021,Vinson,Feyer,722,vfeyerg7@geocities.com,628-519-0972,2
07/02/2021,Hugo,Pieters,843,hpietersg8@smugmug.com,283-640-1467,3
12/21/2021,Gloriane,Longmire,538,glongmireg9@storify.com,976-524-5877,1
04/17/2022,Lucio,Empringham,835,lempringhamga@hud.gov,409-104-3623,0
06/22/2021,Dunn,Tellwright,743,dtellwrightgb@smugmug.com,284-466-4823,0
09/08/2021,Caril,Chettoe,606,cchettoegc@imageshack.us,954-527-8812,0
10/25/2021,Decca,Giovannini,791,dgiovanninigd@diigo.com,295-887-2886,3
04/16/2022,Bobbe,Kalaher,699,bkalaherge@mashable.com,308-224-2520,2
12/10/2021,Delora,Kaiser,769,dkaisergf@google.com.hk,248-278-6286,0
05/08/2021,Ruthann,Potten,793,rpottengg@shop-pro.jp,570-659-1466,1
03/21/2022,Moria,Assandri,614,massandrigh@nih.gov,155-711-4305,3
12/21/2021,Pauli,Klimushev,657,pklimushevgi@hubpages.com,330-244-1223,2
01/01/2022,Feliza,Keneleyside,628,fkeneleysidegj@tamu.edu,328-341-7882,2
05/17/2021,Sully,Lillford,592,slillfordgk@apache.org,867-686-3106,3
07/30/2021,Dane,Erdes,796,derdesgl@geocities.com,271-141-8063,1
03/18/2022,Royce,Nutbrown,807,rnutbrowngm@jigsy.com,685-765-1671,3
09/01/2021,Aileen,Klassman,595,aklassmangn@msu.edu,391-375-7137,3
10/11/2021,Welch,Kenford,830,wkenfordgo@themeforest.net,251-380-5986,1
11/22/2021,Lucille,Stanford,663,lstanfordgp@is.gd,880-635-9586,0
11/18/2021,Evangelia,Mora,831,emoragq@homestead.com,757-968-5031,1
04/03/2022,Aron,Shilton,699,ashiltongr@spotify.com,320-644-1692,0
08/08/2021,Coral,Harby,733,charbygs@go.com,552-491-9749,1
03/03/2022,Jammal,Hastelow,647,jhastelowgt@istockphoto.com,618-460-9346,3
02/21/2022,Chrissy,Livsey,573,clivseygu@hexun.com,192-806-9012,3
07/20/2021,Lorant,Kuhnke,527,lkuhnkegv@csmonitor.com,369-898-7562,2
06/11/2021,Carmine,Letford,747,cletfordgw@foxnews.com,309-901-6689,0
01/07/2022,Olva,Deverille,744,odeverillegx@cyberchimps.com,194-314-8472,2
01/22/2022,Karlyn,Allsworth,509,kallsworthgy@yale.edu,296-807-8804,0
08/11/2021,Kerrin,Takos,743,ktakosgz@chicagotribune.com,781-954-1127,0
05/06/2021,Regen,Meachen,849,rmeachenh0@aol.com,720-979-6264,3
06/14/2021,Binky,Rylands,529,brylandsh1@jigsy.com,731-587-1529,0
08/29/2021,Austen,Larkin,522,alarkinh2@feedburner.com,270-877-1890,3
09/05/2021,Ollie,Mathevon,546,omathevonh3@cargocollective.com,822-508-0308,3
05/05/2022,Evelyn,Labone,565,elaboneh4@mac.com,596-855-6326,2
10/03/2021,Chucho,Rameau,823,crameauh5@narod.ru,744-636-7510,1
11/10/2021,Bobby,Way,791,bwayh6@google.ca,848-822-1398,2
11/10/2021,Forster,Jessel,721,fjesselh7@google.co.uk,534-360-4304,0
08/22/2021,Burgess,Hutfield,831,bhutfieldh8@histats.com,695-155-8937,0
06/21/2021,Caldwell,Hanretty,771,chanrettyh9@fc2.com,183-542-5368,1
01/08/2022,Peggi,Flecknoe,785,pflecknoeha@cyberchimps.com,177-315-2291,1
07/22/2021,Kile,Fausch,835,kfauschhb@geocities.com,314-276-7036,0
03/10/2022,Lorne,Gencke,547,lgenckehc@tripod.com,257-758-0655,3
02/23/2022,Gisella,Heigho,839,gheighohd@hatena.ne.jp,902-814-0306,3
09/17/2021,Fayre,Rhodes,665,frhodeshe@creativecommons.org,927-297-6831,2
08/14/2021,Kelsy,Sanbrooke,809,ksanbrookehf@twitter.com,627-871-4200,3
12/11/2021,Celeste,Mertgen,507,cmertgenhg@nasa.gov,509-480-8948,1
11/18/2021,Fitz,Karoly,731,fkarolyhh@princeton.edu,597-308-2095,3
01/08/2022,Netti,Margetson,721,nmargetsonhi@msn.com,136-800-8207,2
12/18/2021,Galina,McCurdy,699,gmccurdyhj@mozilla.org,272-777-6461,3
04/06/2022,Amerigo,Crawley,732,acrawleyhk@sciencedirect.com,312-955-6535,0
07/21/2021,Reyna,Mc Trusty,749,rmctrustyhl@unesco.org,652-608-7836,2
02/27/2022,Sigmund,Hovenden,601,shovendenhm@alexa.com,360-663-6978,3
02/07/2022,Max,Allenby,808,mallenbyhn@mail.ru,937-575-2873,1
01/08/2022,Ilka,Sandercroft,664,isandercroftho@scientificamerican.com,416-255-7270,3
01/09/2022,Rosana,Fairburne,565,rfairburnehp@china.com.cn,267-940-0075,1
12/20/2021,Farrell,Josovich,577,fjosovichhq@pagesperso-orange.fr,595-532-8502,3
11/26/2021,Joy,Petrishchev,798,jpetrishchevhr@so-net.ne.jp,107-963-5452,3
03/14/2022,Gratiana,Laydon,767,glaydonhs@hibu.com,364-195-0554,3
01/14/2022,Blondy,Peattie,508,bpeattieht@baidu.com,957-467-7285,3
06/14/2021,Wolfie,Froschauer,507,wfroschauerhu@flickr.com,755-527-4312,3
08/26/2021,Jacquette,Buche,672,jbuchehv@deviantart.com,395-597-3294,3
01/03/2022,Delaney,Lahrs,510,dlahrshw@huffingtonpost.com,194-159-6211,3
06/03/2021,Leta,Hazelden,663,lhazeldenhx@gov.uk,667-948-3979,0
08/13/2021,Karel,Debrick,834,kdebrickhy@yale.edu,921-211-2387,3
01/15/2022,Creight,Ingleton,589,cingletonhz@google.com.hk,170-503-5758,0
11/23/2021,Greg,Corpes,500,gcorpesi0@upenn.edu,407-797-5285,2
02/18/2022,Modesta,Keggins,753,mkegginsi1@yellowbook.com,352-483-5113,3
01/24/2022,Star,Adamek,568,sadameki2@icio.us,901-822-8522,1
11/06/2021,Alfy,Avery,714,aaveryi3@mac.com,505-121-1847,0
08/07/2021,Marisa,Boni,647,mbonii4@digg.com,913-621-8729,0
11/04/2021,Perle,Russen,545,prusseni5@usnews.com,280-981-5933,1
02/08/2022,Isabelita,Folks,595,ifolksi6@telegraph.co.uk,569-602-7229,0
01/05/2022,Lynnea,Bodycote,506,lbodycotei7@harvard.edu,516-763-5747,1
10/06/2021,Gussy,Forward,736,gforwardi8@nydailynews.com,840-479-1781,2
10/18/2021,Ashly,Lalonde,794,alalondei9@ovh.net,712-597-1600,2
02/21/2022,Ringo,Fairfoul,755,rfairfoulia@fda.gov,421-337-5586,2
08/30/2021,Ignace,McEntegart,722,imcentegartib@sourceforge.net,588-914-9583,1
08/15/2021,Logan,Hawkshaw,808,lhawkshawic@sogou.com,675-232-2854,0
10/16/2021,Ivory,Sturdgess,547,isturdgessid@walmart.com,269-206-8678,2
08/16/2021,Garrik,Undrill,714,gundrillie@va.gov,717-950-3606,1
12/09/2021,Timotheus,Flegg,688,tfleggif@chronoengine.com,776-574-3935,2
11/27/2021,Delly,McBrearty,576,dmcbreartyig@noaa.gov,524-971-8248,3
06/20/2021,Jarib,Slemmonds,722,jslemmondsih@google.com.hk,167-423-5229,2
12/17/2021,Colette,Mackiewicz,510,cmackiewiczii@home.pl,102-682-1046,3
03/29/2022,Liane,Doumic,556,ldoumicij@eepurl.com,951-990-7668,1
01/14/2022,Jobyna,Teacy,630,jteacyik@unblog.fr,708-721-2342,2
03/18/2022,Clary,Fullbrook,510,cfullbrookil@china.com.cn,474-728-5685,2
10/24/2021,Ari,Leadston,810,aleadstonim@wikimedia.org,558-933-5833,3
10/04/2021,Herminia,Alleyn,506,halleynin@dion.ne.jp,698-734-7510,1
04/14/2022,Joanna,Peinke,540,jpeinkeio@msn.com,538-987-9709,2
06/05/2021,Larisa,Crudginton,529,lcrudgintonip@ucoz.com,432-801-5725,0
01/03/2022,Alister,Forkan,751,aforkaniq@google.ca,992-156-8556,0
01/16/2022,Katharyn,Wrankmore,833,kwrankmoreir@wired.com,812-916-3908,3
05/19/2021,Anya,Shellcross,664,ashellcrossis@unblog.fr,787-210-9547,0
09/12/2021,Philipa,Childe,655,pchildeit@nymag.com,466-140-3125,3
10/07/2021,Halimeda,Lensch,779,hlenschiu@google.co.uk,481-633-4645,0
10/08/2021,Jeffie,Treadgear,742,jtreadgeariv@rambler.ru,720-806-7877,2
08/16/2021,Kayne,Loins,515,kloinsiw@mit.edu,695-211-6134,2
02/26/2022,Kendal,Peckitt,623,kpeckittix@patch.com,183-285-2631,2
03/01/2022,Glenna,Steffens,666,gsteffensiy@nature.com,266-356-1313,3
12/26/2021,Linc,Sander,814,lsanderiz@com.com,337-509-5902,0
01/21/2022,Lilas,Ashpital,769,lashpitalj0@e-recht24.de,946-593-0207,1
11/12/2021,Fabe,Saunders,665,fsaundersj1@homestead.com,825-581-2072,2
01/22/2022,Gabrila,Cattellion,759,gcattellionj2@reuters.com,737-483-3719,1
02/15/2022,Friedrich,Buey,637,fbueyj3@icio.us,151-148-0063,0
12/09/2021,Rubetta,Basilotta,774,rbasilottaj4@irs.gov,336-850-9507,1
11/13/2021,Tedd,Hrinchenko,647,thrinchenkoj5@domainmarket.com,994-727-5544,3
06/11/2021,Tova,Hurren,745,thurrenj6@cdbaby.com,496-711-1459,2
10/09/2021,Karolina,Alty,504,kaltyj7@technorati.com,209-428-0237,3
04/15/2022,Tasia,Bodsworth,808,tbodsworthj8@4shared.com,854-681-0401,1
05/04/2022,Boyce,Gatesman,824,bgatesmanj9@whitehouse.gov,321-497-6246,3
10/12/2021,Rebeka,O' Cuolahan,721,rocuolahanja@alibaba.com,548-324-2689,1
04/06/2022,Link,Lage,662,llagejb@rediff.com,766-138-1292,3
03/03/2022,Gaultiero,Sommerscales,772,gsommerscalesjc@wordpress.org,365-114-0223,2
02/18/2022,Randall,Wooles,548,rwoolesjd@discovery.com,201-728-2832,2
01/09/2022,Honey,Sheahan,596,hsheahanje@hubpages.com,573-341-7040,0
10/30/2021,Sibyl,Mowday,717,smowdayjf@usgs.gov,463-535-5614,0
02/28/2022,Rebeka,McGarvey,833,rmcgarveyjg@prnewswire.com,389-233-1027,1
11/13/2021,Franz,Gothup,731,fgothupjh@fotki.com,843-753-6404,3
01/17/2022,Kalli,Bahl,795,kbahlji@springer.com,515-709-2323,0
10/13/2021,Christoffer,Crosfeld,697,ccrosfeldjj@time.com,601-648-4869,1
05/27/2021,Jarvis,Jenkison,751,jjenkisonjk@mapquest.com,228-739-0092,3
07/25/2021,Eunice,Insko,529,einskojl@netvibes.com,983-812-4975,2
07/25/2021,Sean,Sterman,630,sstermanjm@timesonline.co.uk,382-468-4918,1
04/05/2022,Jasen,Phalip,625,jphalipjn@storify.com,408-686-6804,1
06/09/2021,Adore,Sambells,588,asambellsjo@mtv.com,724-589-7734,0
01/22/2022,Lavina,Phipard-Shears,621,lphipardshearsjp@ebay.co.uk,631-706-6085,2
02/25/2022,Muffin,Philipp,698,mphilippjq@bloomberg.com,224-274-1520,0
05/02/2022,Dorian,Pahler,816,dpahlerjr@yandex.ru,887-289-8123,2
10/17/2021,Latrena,Guerri,644,lguerrijs@phpbb.com,952-975-0634,0
10/10/2021,Gareth,Reeders,702,greedersjt@51.la,402-916-8909,3
01/06/2022,Lynnelle,Kinsley,763,lkinsleyju@vistaprint.com,345-916-0865,0
07/15/2021,Towney,Beadon,684,tbeadonjv@abc.net.au,658-263-2823,0
04/13/2022,Zollie,Goldis,649,zgoldisjw@addthis.com,508-602-1770,1
11/26/2021,Donnell,Mattack,760,dmattackjx@soundcloud.com,190-735-8423,2
09/25/2021,Fanechka,Hannaford,570,fhannafordjy@census.gov,755-969-9234,2
09/21/2021,Kylie,Peppard,612,kpeppardjz@bigcartel.com,823-659-6558,0
11/24/2021,Pattin,Neem,760,pneemk0@cocolog-nifty.com,320-966-2261,3
02/03/2022,Halie,Valder,634,hvalderk1@webeden.co.uk,308-735-6169,1
10/24/2021,Eileen,Mosedale,677,emosedalek2@cargocollective.com,508-556-9046,2
08/17/2021,Adriaens,Sandercock,668,asandercockk3@huffingtonpost.com,199-258-0962,0
05/13/2021,Anstice,Coxhell,745,acoxhellk4@so-net.ne.jp,209-506-5678,2
09/09/2021,Martyn,Scurrah,721,mscurrahk5@tmall.com,644-602-5088,0
07/24/2021,Julissa,Marchent,784,jmarchentk6@pen.io,774-811-7398,1
06/01/2021,Priscella,Restall,607,prestallk7@chron.com,594-148-3542,2
03/12/2022,Courtney,Unsworth,798,cunsworthk8@deliciousdays.com,414-832-9422,0
07/07/2021,Sammy,Erni,807,sernik9@nsw.gov.au,696-863-5132,0
07/06/2021,Aurea,Harby,655,aharbyka@blogtalkradio.com,211-875-9995,1
06/04/2021,Perice,Sibylla,685,psibyllakb@chronoengine.com,969-147-4424,0
06/21/2021,Isabeau,Bortolomei,735,ibortolomeikc@si.edu,602-150-6810,2
03/22/2022,Roxanna,Rozea,738,rrozeakd@mapy.cz,267-973-4233,2
08/08/2021,Isabeau,Chatto,684,ichattoke@webnode.com,613-156-2144,1
06/06/2021,Neall,MacAlister,640,nmacalisterkf@nyu.edu,856-594-6126,2
05/08/2021,Calhoun,Elbourne,735,celbournekg@creativecommons.org,472-198-4376,1
08/12/2021,Clevie,Blampy,729,cblampykh@infoseek.co.jp,228-750-2951,0
02/13/2022,Phaedra,Truggian,565,ptruggianki@vimeo.com,436-418-8354,3
09/07/2021,Bastien,Surmeyers,736,bsurmeyerskj@storify.com,203-790-9923,1
09/28/2021,Dosi,Thiem,549,dthiemkk@ihg.com,134-490-9571,0
01/06/2022,Beatrice,Bruckent,760,bbruckentkl@youtube.com,820-502-1385,0
12/10/2021,Madeleine,Peakman,753,mpeakmankm@epa.gov,375-269-4761,0
05/09/2021,Ramsey,Wince,675,rwincekn@themeforest.net,714-426-4921,0
03/25/2022,Rustie,Bart,848,rbartko@irs.gov,769-306-9336,1
01/08/2022,Katuscha,Burgill,677,kburgillkp@bing.com,391-520-4486,2
09/02/2021,Camellia,Durn,788,cdurnkq@php.net,875-395-1043,2
10/26/2021,Nelia,Heddon,540,nheddonkr@usgs.gov,989-516-1373,3
03/30/2022,Bastien,Barkas,772,bbarkasks@csmonitor.com,829-954-1924,3
07/01/2021,Alfred,Dymott,629,adymottkt@instagram.com,330-195-6723,2
06/01/2021,Minnaminnie,Borrie,761,mborrieku@lycos.com,488-121-6198,1
02/05/2022,Birk,Marquand,601,bmarquandkv@myspace.com,860-999-4380,0
02/11/2022,Aime,Lorraine,841,alorrainekw@etsy.com,216-132-6333,3
07/20/2021,Callie,Blockey,756,cblockeykx@google.co.jp,831-337-8534,2
04/11/2022,Lise,Neubigging,662,lneubiggingky@buzzfeed.com,669-493-9582,0
10/12/2021,Dixie,Fawcitt,505,dfawcittkz@ebay.com,787-211-5079,3
05/19/2021,Vanny,Woolham,648,vwoolhaml0@arstechnica.com,486-783-9530,0
03/17/2022,Amelina,Petris,695,apetrisl1@hostgator.com,514-917-6168,2
05/14/2021,Betta,Flecknoe,521,bflecknoel2@businessinsider.com,333-458-7094,0
09/18/2021,Nancy,Frickey,590,nfrickeyl3@msu.edu,645-926-4139,2
05/19/2021,Ryon,Baignard,760,rbaignardl4@hostgator.com,179-969-3946,3
09/19/2021,Timmy,Gannaway,844,tgannawayl5@sitemeter.com,829-763-9527,0
06/18/2021,Taddeusz,Scneider,606,tscneiderl6@mysql.com,959-978-9122,3
01/20/2022,Benji,Madill,791,bmadilll7@google.com,534-597-0598,2
10/16/2021,Freida,Yurmanovev,746,fyurmanovevl8@desdev.cn,244-957-1927,0
10/06/2021,Gwen,Reiner,605,greinerl9@slashdot.org,933-310-1626,0
04/25/2022,Kevon,Thody,683,kthodyla@ustream.tv,118-720-2204,3
03/29/2022,Sean,Zealy,778,szealylb@opensource.org,973-266-5630,0
01/12/2022,Harri,Grinin,844,hgrininlc@marketwatch.com,530-322-6439,2
12/27/2021,Honor,Bartot,697,hbartotld@webeden.co.uk,533-393-3155,2
11/02/2021,Ilaire,Yakunkin,680,iyakunkinle@salon.com,512-894-7990,0
11/28/2021,Salvidor,Huglin,776,shuglinlf@smugmug.com,712-217-1328,2
12/28/2021,Midge,Arens,723,marenslg@taobao.com,842-985-1798,2
01/26/2022,Herbie,Moody,572,hmoodylh@mayoclinic.com,738-849-2458,3
04/06/2022,Jdavie,Flaonier,641,jflaonierli@people.com.cn,187-731-3254,0
06/19/2021,Valry,Jovicic,671,vjoviciclj@seattletimes.com,235-569-7465,1
10/20/2021,Diarmid,Draper,629,ddraperlk@parallels.com,792-708-3460,3
04/02/2022,Milty,Shorey,792,mshoreyll@dailymotion.com,428-257-3620,0
09/21/2021,Ronny,Tinston,848,rtinstonlm@rambler.ru,785-738-8845,0
05/24/2021,Kaleb,Egglestone,648,kegglestoneln@cornell.edu,812-651-2338,0
03/21/2022,Angelina,Serginson,728,aserginsonlo@columbia.edu,314-199-1366,0
10/22/2021,Madelene,Iacoviello,555,miacoviellolp@about.me,410-770-6900,3
03/06/2022,Shauna,Ondrusek,660,sondruseklq@seesaa.net,622-217-7730,2
02/18/2022,Isadore,Crabb,544,icrabblr@foxnews.com,861-213-3947,1
12/09/2021,Sile,Terrey,615,sterreyls@phpbb.com,278-645-5421,0
04/15/2022,Susana,Messer,804,smesserlt@geocities.com,661-164-9022,2
12/06/2021,Llywellyn,Swinden,650,lswindenlu@nytimes.com,485-484-4743,1
03/31/2022,Vachel,Snedker,820,vsnedkerlv@mlb.com,674-985-0557,0
03/13/2022,Cassandra,Ingley,644,cingleylw@japanpost.jp,350-157-9415,3
04/30/2022,Bran,Voce,793,bvocelx@ted.com,972-257-0632,3
12/12/2021,Melinde,Scurlock,553,mscurlockly@sciencedirect.com,435-844-4235,2
01/12/2022,Gannie,Libri,727,glibrilz@posterous.com,612-312-1116,1
01/01/2022,Filbert,Petcher,681,fpetcherm0@webs.com,946-805-4822,3
03/15/2022,Cathleen,Lethcoe,736,clethcoem1@so-net.ne.jp,640-461-7218,2
04/10/2022,Bathsheba,Tamblyn,770,btamblynm2@europa.eu,757-251-3997,0
10/19/2021,Kirbee,Marzele,526,kmarzelem3@senate.gov,867-914-5398,1
10/29/2021,Natassia,Jewiss,794,njewissm4@cbsnews.com,372-889-1974,1
09/26/2021,Carmencita,Kinneir,572,ckinneirm5@ca.gov,156-309-0811,0
11/29/2021,Evelin,Habben,656,ehabbenm6@example.com,974-115-1832,2
02/15/2022,Melamie,Titford,699,mtitfordm7@sourceforge.net,924-660-7703,3
09/30/2021,Julianne,Andrea,670,jandream8@auda.org.au,303-892-1959,2
07/12/2021,Ingrim,Gilfillan,700,igilfillanm9@opensource.org,745-677-6510,3
08/23/2021,Gerianna,Hopfner,574,ghopfnerma@independent.co.uk,517-963-8716,3
04/30/2022,Margarete,Henningham,549,mhenninghammb@sphinn.com,904-627-7687,0
10/24/2021,Duff,Kettell,666,dkettellmc@apple.com,739-179-1804,2
04/18/2022,Glenna,McLane,561,gmclanemd@wordpress.com,817-947-8905,0
01/14/2022,Alan,Hopfer,523,ahopferme@yandex.ru,741-351-0743,0
11/07/2021,Hanna,Willett,800,hwillettmf@goo.gl,529-653-3052,3
05/30/2021,Sascha,Lingwood,502,slingwoodmg@youtu.be,369-195-2172,2
09/23/2021,Farlay,Oene,602,foenemh@mozilla.com,551-192-1236,1
07/24/2021,Scotti,Henzley,646,shenzleymi@cisco.com,660-521-4233,0
08/31/2021,Jemmie,Lipp,610,jlippmj@google.fr,363-647-1719,3
11/03/2021,Arty,Bayston,643,abaystonmk@google.fr,125-779-3560,0
03/19/2022,Noam,Cohan,837,ncohanml@theglobeandmail.com,469-682-8270,1
03/27/2022,Peder,Snooks,556,psnooksmm@craigslist.org,775-147-1448,3
11/19/2021,Claus,Almey,628,calmeymn@netvibes.com,912-962-5372,0
09/05/2021,Elton,Hadlee,600,ehadleemo@imgur.com,976-395-7075,2
10/29/2021,Arabela,Godman,715,agodmanmp@stumbleupon.com,718-522-4197,0
03/06/2022,Joela,Caghy,572,jcaghymq@netlog.com,980-620-6936,2
04/20/2022,Tymon,Theurer,681,ttheurermr@npr.org,565-248-5865,3
10/16/2021,Amalee,Jeromson,652,ajeromsonms@csmonitor.com,211-504-3877,3
06/28/2021,Tremayne,Edelmann,825,tedelmannmt@microsoft.com,809-675-7682,1
12/08/2021,Ely,Farahar,590,efaraharmu@wired.com,214-179-1862,2
10/21/2021,Miranda,Bleeze,798,mbleezemv@devhub.com,849-827-2132,3
02/26/2022,Lanie,Goldthorp,843,lgoldthorpmw@si.edu,255-129-1684,3
04/27/2022,Skippy,Leban,615,slebanmx@miitbeian.gov.cn,536-941-4688,0
06/07/2021,Andriette,Essam,607,aessammy@hibu.com,695-507-1736,2
07/09/2021,Myra,Queyeiro,761,mqueyeiromz@flickr.com,718-386-7801,0
08/04/2021,Hartley,Withey,555,hwitheyn0@youtu.be,465-929-3444,0
04/04/2022,Gualterio,Masi,510,gmasin1@google.es,614-173-2363,3
06/14/2021,Karl,Strickett,657,kstrickettn2@cisco.com,251-470-1889,0
04/20/2022,Berti,Eaves,672,beavesn3@indiatimes.com,248-671-9643,3
09/08/2021,Juliet,Arnoll,527,jarnolln4@reddit.com,381-946-7522,1
08/31/2021,Ardra,Londsdale,641,alondsdalen5@altervista.org,725-849-3972,0
01/13/2022,Cole,Symcox,664,csymcoxn6@photobucket.com,197-910-6074,2
03/27/2022,Rebekkah,Matis,682,rmatisn7@canalblog.com,251-857-6224,2
01/24/2022,Jilli,Gilling,704,jgillingn8@surveymonkey.com,807-793-4629,3
01/26/2022,Debbi,Corsham,781,dcorshamn9@illinois.edu,533-605-3310,1
02/05/2022,Petronilla,Suston,646,psustonna@amazon.de,117-543-7343,2
11/19/2021,Salim,Peiser,520,speisernb@slate.com,765-217-4296,1
04/22/2022,Aile,Jory,644,ajorync@patch.com,715-523-2978,3
06/04/2021,Arliene,Sunnex,810,asunnexnd@columbia.edu,312-210-9929,1
11/15/2021,Eddy,Alkins,638,ealkinsne@wisc.edu,420-787-8181,0
01/13/2022,Eberhard,Burgiss,730,eburgissnf@51.la,534-876-8133,3
06/27/2021,Hoebart,Patnelli,544,hpatnelling@nature.com,923-773-0152,3
07/14/2021,Shana,Rameau,601,srameaunh@sciencedaily.com,605-613-6583,3
08/09/2021,Grace,Fellnee,689,gfellneeni@cam.ac.uk,932-627-0404,0
04/13/2022,Yance,Haacker,775,yhaackernj@washingtonpost.com,436-439-3491,0
06/16/2021,Jen,Bagniuk,587,jbagniuknk@sciencedirect.com,814-731-1809,2
03/06/2022,Griffin,Allsopp,580,gallsoppnl@sakura.ne.jp,202-942-1595,2
02/11/2022,Ailee,Kynson,722,akynsonnm@ft.com,548-168-9265,3
12/27/2021,Virginia,Taffe,665,vtaffenn@mail.ru,683-856-1023,3
07/05/2021,Rosemonde,Shailer,679,rshailerno@drupal.org,526-485-8834,0
06/07/2021,Carlina,Pinxton,836,cpinxtonnp@wiley.com,787-669-3385,2
09/30/2021,Gretal,Simmig,559,gsimmignq@cam.ac.uk,153-296-0338,3
12/18/2021,Aldus,Monelle,676,amonellenr@senate.gov,803-466-1206,0
08/24/2021,Alvy,Pendrich,783,apendrichns@biblegateway.com,851-945-7711,0
12/13/2021,Fania,Greenhall,633,fgreenhallnt@sohu.com,190-459-2619,1
09/14/2021,Orland,Yearne,736,oyearnenu@cpanel.net,133-436-6879,1
11/12/2021,Darrin,Southard,768,dsouthardnv@imgur.com,527-930-9395,1
04/09/2022,Trista,Haseley,524,thaseleynw@un.org,212-171-3145,1
12/25/2021,Ardelis,Hannigane,703,ahanniganenx@nymag.com,744-531-9267,0
01/05/2022,Bartholemy,Alesi,596,balesiny@jugem.jp,184-913-3386,3
07/21/2021,Enos,Watkins,848,ewatkinsnz@exblog.jp,589-112-1675,1
06/24/2021,Denise,Yukhov,639,dyukhovo0@dyndns.org,439-889-7590,2
11/03/2021,Madelene,Lapley,778,mlapleyo1@comsenz.com,301-524-4626,3
10/13/2021,Chandra,Canet,748,ccaneto2@wix.com,405-553-3399,0
11/11/2021,Dorena,Kippins,677,dkippinso3@boston.com,710-541-8000,1
05/13/2021,Carole,Huffer,592,chuffero4@wisc.edu,177-871-9093,1
07/22/2021,Ettie,Gilfoy,570,egilfoyo5@gizmodo.com,980-270-3835,0
11/28/2021,Terencio,Romanelli,606,tromanellio6@mediafire.com,306-109-3406,1
07/10/2021,Arlyne,Heistermann,623,aheistermanno7@last.fm,159-377-5425,3
07/28/2021,Analiese,Aleksic,838,aaleksico8@joomla.org,749-722-7924,3
10/05/2021,Vita,Akester,764,vakestero9@guardian.co.uk,457-995-4551,0
02/06/2022,Olimpia,Samper,590,osamperoa@bbb.org,475-713-8517,1
04/29/2022,Charlean,Issacoff,749,cissacoffob@soundcloud.com,739-502-8492,2
11/15/2021,Barde,Stebbing,663,bstebbingoc@alibaba.com,474-793-8656,3
02/05/2022,Mahmud,Harback,634,mharbackod@instagram.com,722-937-9961,2
11/07/2021,Emile,Rendell,564,erendelloe@theguardian.com,861-145-8354,3
12/26/2021,Myrtie,Olyonov,541,molyonovof@youku.com,380-605-8768,0
02/25/2022,Zena,Hastwell,749,zhastwellog@networksolutions.com,969-925-3231,1
07/19/2021,Kirby,Brabon,660,kbrabonoh@domainmarket.com,436-907-9957,1
12/22/2021,Earlie,Colenutt,839,ecolenuttoi@boston.com,688-358-3631,3
05/19/2021,Anallese,Lehemann,632,alehemannoj@ycombinator.com,524-258-2291,1
09/17/2021,Debbie,Swindells,695,dswindellsok@wired.com,414-267-0662,1
12/13/2021,Gamaliel,Barmby,798,gbarmbyol@seattletimes.com,399-307-7823,0
01/17/2022,Marline,Morforth,546,mmorforthom@fc2.com,754-334-7966,1
07/19/2021,Tova,Kalisch,791,tkalischon@cmu.edu,301-535-8456,1
09/22/2021,Hervey,Dunthorn,547,hdunthornoo@princeton.edu,236-782-1316,3
07/18/2021,Mitzi,Aggs,508,maggsop@wired.com,229-860-9509,3
11/03/2021,Jasen,Fearney,730,jfearneyoq@wsj.com,629-171-7547,2
10/09/2021,Dell,Bichard,796,dbichardor@umich.edu,558-459-8016,2
08/17/2021,Joell,MacTurlough,501,jmacturloughos@redcross.org,613-476-3351,2
10/26/2021,Gwendolin,De Biasi,715,gdebiasiot@reference.com,902-986-4560,1
06/05/2021,Sammy,Le Merchant,654,slemerchantou@amazon.co.jp,770-523-9746,0
11/22/2021,Rolland,Blouet,512,rblouetov@nba.com,170-538-7146,1
10/07/2021,Rozanne,Timothy,663,rtimothyow@buzzfeed.com,187-547-7621,0
09/13/2021,Lorilyn,Bounde,773,lboundeox@exblog.jp,962-386-7373,2
12/25/2021,Devora,Polo,750,dpolooy@deviantart.com,238-594-2744,1
03/24/2022,Sibeal,Berns,724,sbernsoz@xinhuanet.com,456-794-3953,1
09/26/2021,Archaimbaud,Booker,505,abookerp0@constantcontact.com,300-883-3633,1
12/05/2021,Roderich,Manicomb,618,rmanicombp1@usatoday.com,377-631-3553,1
01/23/2022,Kattie,Gleaves,819,kgleavesp2@seattletimes.com,376-798-6159,2
12/14/2021,York,Dragon,836,ydragonp3@nbcnews.com,258-224-4410,1
06/23/2021,Katha,Higgan,790,khigganp4@github.com,996-178-1397,2
05/30/2021,Godfree,Mote,716,gmotep5@yelp.com,375-465-7720,2
03/24/2022,Pren,Magog,677,pmagogp6@dion.ne.jp,254-342-3297,3
11/03/2021,Arlan,Baszniak,568,abaszniakp7@cyberchimps.com,591-626-2558,3
03/23/2022,Eddie,Nipper,545,enipperp8@jugem.jp,130-149-5438,3
02/22/2022,Mortie,Allett,801,mallettp9@mashable.com,805-399-3278,0
03/09/2022,Hyacintha,Iacomettii,784,hiacomettiipa@yale.edu,397-292-6079,0
10/10/2021,Lionel,Durtnel,601,ldurtnelpb@eventbrite.com,767-294-5025,1
04/18/2022,Iago,Frederick,847,ifrederickpc@blogger.com,421-804-3189,0
05/27/2021,Brocky,Kaszper,594,bkaszperpd@ucsd.edu,476-149-2396,2
10/04/2021,Sheena,Feakins,586,sfeakinspe@usatoday.com,415-370-8658,3
07/19/2021,Nissy,Summons,710,nsummonspf@cisco.com,784-773-8388,0
12/30/2021,Ulrich,Dermot,755,udermotpg@wufoo.com,439-430-0719,3
04/04/2022,Aubrey,Roby,540,arobyph@ucsd.edu,261-841-8496,2
11/06/2021,Dorothee,Berndtsson,692,dberndtssonpi@ed.gov,879-416-2182,0
12/06/2021,Gaby,Klammt,833,gklammtpj@discuz.net,439-120-9140,2
09/24/2021,Gussy,Arnull,573,garnullpk@instagram.com,748-715-1836,0
03/12/2022,Marj,Arlow,553,marlowpl@mashable.com,188-476-4909,3
10/11/2021,Julie,Dunstone,628,jdunstonepm@scribd.com,877-167-7897,1
06/24/2021,Raquela,Tripett,716,rtripettpn@shutterfly.com,247-612-4725,1
06/18/2021,Niels,Hamelyn,563,nhamelynpo@symantec.com,451-226-3863,0
06/30/2021,Elisabeth,Joannic,763,ejoannicpp@cnn.com,782-575-1233,1
11/16/2021,Heindrick,Matusov,510,hmatusovpq@google.es,256-458-4415,3
09/08/2021,Moll,Lembrick,726,mlembrickpr@amazon.co.uk,513-997-1094,0
07/15/2021,Lainey,Brawley,519,lbrawleyps@apple.com,185-698-0166,1
09/17/2021,Yvor,Bruyntjes,556,ybruyntjespt@jugem.jp,390-160-7354,0
12/10/2021,Frederich,Spore,615,fsporepu@amazon.co.jp,365-359-6133,3
01/02/2022,Giselle,Fittall,638,gfittallpv@google.cn,649-915-9057,0
10/17/2021,Tadio,Falcus,682,tfalcuspw@hugedomains.com,801-896-8859,0
06/02/2021,Ysabel,Caldicott,775,ycaldicottpx@lycos.com,452-889-9391,2
05/13/2021,Darcy,Burbidge,707,dburbidgepy@github.io,888-979-4328,2
05/02/2022,Adelheid,Alcott,536,aalcottpz@joomla.org,561-495-7769,2
03/07/2022,Clark,Jukes,568,cjukesq0@fastcompany.com,250-782-1285,2
06/26/2021,Brodie,O'Hingerty,749,bohingertyq1@google.de,482-211-5495,1
02/11/2022,Jerald,Whittier,600,jwhittierq2@cpanel.net,352-874-8587,0
12/29/2021,Orion,Wallenger,768,owallengerq3@hhs.gov,824-347-6723,2
11/03/2021,Cass,Harte,811,charteq4@google.co.jp,854-579-6112,1
02/14/2022,Ariel,Vaughan,576,avaughanq5@about.me,637-885-5324,1
07/25/2021,Terese,De Benedetti,506,tdebenedettiq6@bigcartel.com,473-789-5118,0
12/23/2021,Mohammed,Bolderstone,649,mbolderstoneq7@npr.org,330-402-0728,1
10/30/2021,Vachel,Laurand,756,vlaurandq8@mozilla.org,871-805-4014,0
12/24/2021,Courtnay,Sartain,777,csartainq9@slideshare.net,475-398-6948,1
09/28/2021,Cherrita,Fielders,804,cfieldersqa@ed.gov,507-183-2934,3
12/11/2021,Jereme,Szymanowicz,618,jszymanowiczqb@cisco.com,537-186-1715,0
03/19/2022,Lita,Lerer,681,llererqc@reference.com,173-155-5479,1
09/14/2021,Colin,Gardner,841,cgardnerqd@google.com.br,928-949-9682,1
09/13/2021,Darice,Murty,736,dmurtyqe@dot.gov,803-945-8646,2
05/06/2021,Larry,Gillard,742,lgillardqf@shinystat.com,754-999-8753,3
12/14/2021,Lona,Chiene,806,lchieneqg@drupal.org,244-104-3445,3
07/03/2021,Guenevere,Ennals,727,gennalsqh@geocities.com,543-891-4716,1
06/19/2021,Nicola,Nicely,753,nnicelyqi@epa.gov,930-402-0228,2
09/22/2021,Winifred,Batkin,639,wbatkinqj@soup.io,781-844-6440,1
06/01/2021,Rosamond,Caldicot,540,rcaldicotqk@state.tx.us,315-960-5286,2
11/29/2021,Mateo,Isakov,752,misakovql@telegraph.co.uk,646-140-8413,3
11/22/2021,Christie,Whitcher,747,cwhitcherqm@nytimes.com,105-124-5910,3
10/31/2021,Lacie,Fardo,730,lfardoqn@slideshare.net,636-501-2873,0
06/11/2021,Mead,Beincken,603,mbeinckenqo@prweb.com,638-975-0287,2
08/10/2021,Wilhelmine,Dutteridge,565,wdutteridgeqp@ocn.ne.jp,770-676-6050,1
11/28/2021,Bud,Cowdery,633,bcowderyqq@csmonitor.com,699-716-2594,1
08/12/2021,Sheelagh,Kaasmann,585,skaasmannqr@creativecommons.org,517-408-3170,0
11/13/2021,Delora,Goodspeed,786,dgoodspeedqs@hc360.com,394-132-7185,3
05/15/2021,Arabel,Lissaman,568,alissamanqt@friendfeed.com,195-874-4077,2
11/14/2021,Hadlee,Whittleton,769,hwhittletonqu@free.fr,133-180-0907,0
04/26/2022,Sherwood,Blayd,785,sblaydqv@europa.eu,235-401-1808,3
04/24/2022,Thorny,Messham,502,tmesshamqw@symantec.com,562-708-9900,0
03/24/2022,Dorthea,Winchcomb,726,dwinchcombqx@narod.ru,580-546-4706,0
09/05/2021,Brynna,Robus,818,brobusqy@sohu.com,467-612-7769,1
01/21/2022,Shadow,Saint,506,ssaintqz@wordpress.com,261-131-2250,3
05/13/2021,Ivy,Longina,837,ilonginar0@vimeo.com,568-343-5789,1
06/21/2021,Grant,Munkton,584,gmunktonr1@nydailynews.com,794-595-4019,1
09/13/2021,Elita,Hansmann,519,ehansmannr2@google.com,213-829-9839,2
06/20/2021,Helen-elizabeth,Trillow,675,htrillowr3@edublogs.org,910-556-5525,3
11/15/2021,Eleonora,Sulland,619,esullandr4@elpais.com,158-315-6247,1
08/11/2021,Shandra,Isaac,715,sisaacr5@cnbc.com,188-146-9965,1
10/01/2021,Prent,Hambleton,768,phambletonr6@nasa.gov,839-148-6984,3
10/25/2021,Catriona,Crimp,579,ccrimpr7@gov.uk,330-353-0739,3
07/16/2021,Jeniece,Laying,675,jlayingr8@kickstarter.com,886-944-2848,2
06/09/2021,Tansy,Bond,620,tbondr9@boston.com,801-981-6555,1
12/31/2021,Latrena,Jennery,729,ljenneryra@upenn.edu,392-473-5006,1
01/26/2022,Rossie,Fawdery,641,rfawderyrb@w3.org,288-510-2390,2
10/05/2021,Tamra,Crennan,609,tcrennanrc@wikia.com,396-132-0999,2
05/26/2021,Gianni,Finlan,784,gfinlanrd@eventbrite.com,632-977-9855,3
10/25/2021,Silvana,Meriguet,589,smeriguetre@nydailynews.com,105-383-9909,1
01/23/2022,Eberto,Disbrow,662,edisbrowrf@zdnet.com,129-651-3027,3
01/11/2022,Jo-ann,Warcup,565,jwarcuprg@odnoklassniki.ru,509-705-6020,1
05/28/2021,Barclay,Ilyin,581,bilyinrh@vinaora.com,673-686-7906,1
03/03/2022,Nadya,Bleas,636,nbleasri@businesswire.com,871-612-5073,1
10/18/2021,Konstantine,Colleer,508,kcolleerrj@un.org,122-186-9797,3
02/24/2022,William,Caso,703,wcasork@liveinternet.ru,955-195-3104,3
04/13/2022,Keely,Keyser,747,kkeyserrl@mapy.cz,430-268-8628,3
06/15/2021,Kailey,Critzen,569,kcritzenrm@cnet.com,508-925-4828,3
08/30/2021,Althea,Swadlinge,670,aswadlingern@meetup.com,233-200-9863,2
03/29/2022,Fania,Maffucci,749,fmaffucciro@forbes.com,608-135-8564,1
01/22/2022,Bryan,Forestall,630,bforestallrp@xing.com,492-266-9902,3
06/19/2021,Vern,Branwhite,527,vbranwhiterq@census.gov,892-311-2092,2
04/23/2022,Tedmund,Rubinowitsch,798,trubinowitschrr@youtube.com,953-883-0644,1
