Maurice,Bartul,mbartul0@odnoklassniki.ru,627-581-2594,05/26/2021
Anabella,Josupeit,ajosupeit1@istockphoto.com,837-703-1429,11/15/2021
Valaria,Folkard,vfolkard2@guardian.co.uk,778-860-0650,08/19/2021
Jamaal,Bockmann,jbockmann3@studiopress.com,822-130-5403,08/24/2021
Gaspar,Kemmey,gkemmey4@spotify.com,563-848-3398,02/28/2022
Dougy,Douch,ddouch5@redcross.org,329-759-9816,05/20/2021
Igor,Young,iyoung6@accuweather.com,429-412-0236,05/13/2021
Asher,Marsden,amarsden7@go.com,942-577-2900,09/26/2021
Bastien,Titcumb,btitcumb8@ehow.com,388-115-7426,12/22/2021
Jenine,Midner,jmidner9@ow.ly,428-153-6008,06/19/2021
Jerome,Scourfield,jscourfielda@dropbox.com,665-962-6760,12/23/2021
Orland,Hesey,oheseyb@yahoo.com,561-569-8635,11/04/2021
Liz,Semorad,lsemoradc@lycos.com,161-111-5598,12/07/2021
Llywellyn,Greneham,lgrenehamd@europa.eu,991-376-6496,12/21/2021
Chen,Sarjeant,csarjeante@hibu.com,106-156-1255,07/29/2021
Josy,Andress,jandressf@sitemeter.com,792-137-6809,09/16/2021
Guntar,Bazoge,gbazogeg@nature.com,625-971-9850,12/13/2021
Carolus,Caldecot,ccaldecoth@go.com,142-859-2688,09/11/2021
Sigismond,Risbrough,srisbroughi@comsenz.com,497-167-8896,06/07/2021
Ginelle,Bumpas,gbumpasj@princeton.edu,896-589-2880,10/31/2021
Tamarah,Dare,tdarek@123-reg.co.uk,744-710-5383,10/22/2021
Sully,Antushev,santushevl@irs.gov,338-326-6581,06/13/2021
Shannon,Teers,steersm@ted.com,253-198-1285,04/12/2022
Zebulen,Whittock,zwhittockn@illinois.edu,538-594-9835,04/11/2022
Amandie,Grahlmans,agrahlmanso@cornell.edu,238-278-5150,05/13/2021
Aubrey,Hindenburg,ahindenburgp@i2i.jp,777-602-3229,06/06/2021
Isabel,Mortel,imortelq@creativecommons.org,836-867-9085,08/16/2021
Calv,Seamans,cseamansr@domainmarket.com,773-402-5404,04/24/2022
Kerwin,Eblein,kebleins@vimeo.com,625-237-4340,01/20/2022
Shayna,Diwell,sdiwellt@wired.com,101-633-6658,11/05/2021
Edithe,Winchcombe,ewinchcombeu@bbb.org,467-679-3116,12/31/2021
Dalston,Doorey,ddooreyv@mayoclinic.com,533-916-7136,02/19/2022
Kristel,Fagge,kfaggew@google.nl,643-228-0341,11/26/2021
Helli,Destouche,hdestouchex@instagram.com,932-972-1553,02/26/2022
Jude,MacNeilly,jmacneillyy@cloudflare.com,294-899-8139,03/09/2022
Enriqueta,Hadlee,ehadleez@drupal.org,104-894-3199,01/06/2022
Alaric,Antonetti,aantonetti10@canalblog.com,769-856-6374,09/23/2021
Haroun,Barbary,hbarbary11@addtoany.com,681-988-1667,12/18/2021
Phebe,Wann,pwann12@auda.org.au,660-145-1727,08/23/2021
Vivienne,Alvarado,valvarado13@freewebs.com,879-215-4765,02/12/2022
Alvira,Worling,aworling14@liveinternet.ru,299-948-4030,05/23/2021
Dylan,Bendall,dbendall15@xinhuanet.com,132-821-1051,07/14/2021
Vita,Meekings,vmeekings16@dailymail.co.uk,626-192-0289,10/22/2021
Miquela,Haw,mhaw17@is.gd,453-809-6795,09/09/2021
Oliver,Hoofe,ohoofe18@nbcnews.com,221-449-6583,02/27/2022
Elnar,Jordi,ejordi19@oakley.com,170-309-4514,09/30/2021
Jeramey,Hartigan,jhartigan1a@blogspot.com,238-644-8864,08/24/2021
Thorvald,Nannini,tnannini1b@vinaora.com,153-445-0885,03/26/2022
Ephraim,Georgescu,egeorgescu1c@fc2.com,153-112-9479,04/30/2022
Amandie,Yuryev,ayuryev1d@barnesandnoble.com,217-553-1347,11/28/2021
Ivory,Scorton,iscorton1e@ifeng.com,314-513-5879,05/25/2021
Elfrida,Bachnic,ebachnic1f@xinhuanet.com,526-944-4801,02/15/2022
Cece,Hulland,chulland1g@yandex.ru,657-806-3316,08/12/2021
Adrien,Skoate,askoate1h@sitemeter.com,244-208-7335,03/23/2022
Tarrah,Selliman,tselliman1i@nbcnews.com,283-642-7506,07/10/2021
Eunice,Fordy,efordy1j@army.mil,301-349-6653,02/13/2022
Amalie,Wahner,awahner1k@4shared.com,611-919-8501,11/22/2021
Colver,Lark,clark1l@jalbum.net,692-961-0493,03/18/2022
Hestia,Longhorne,hlonghorne1m@microsoft.com,826-945-4652,08/14/2021
Josiah,Ritzman,jritzman1n@wp.com,324-245-9747,08/24/2021
Isadore,Letcher,iletcher1o@fastcompany.com,955-995-3952,11/04/2021
Zolly,Nacey,znacey1p@umich.edu,221-800-1626,04/25/2022
Rosana,Maystone,rmaystone1q@dailymail.co.uk,998-130-6238,10/28/2021
Hyacinth,Plom,hplom1r@1und1.de,619-143-4565,06/30/2021
Silvan,Rackam,srackam1s@miitbeian.gov.cn,799-234-6405,11/03/2021
Jenna,Oslar,joslar1t@google.de,182-894-5642,03/15/2022
Schuyler,Hynd,shynd1u@hao123.com,660-600-5912,11/01/2021
Deeann,Aldiss,daldiss1v@ask.com,590-685-2787,09/24/2021
Saree,Damarell,sdamarell1w@uol.com.br,306-321-1602,12/22/2021
Ernesta,Thumann,ethumann1x@mail.ru,713-312-3968,08/05/2021
Lyssa,Stratz,lstratz1y@comsenz.com,618-286-5919,10/25/2021
Candide,McIlvaney,cmcilvaney1z@amazon.de,134-841-9954,04/25/2022
Hadleigh,Goulder,hgoulder20@toplist.cz,665-263-0487,07/06/2021
Garik,Jenkison,gjenkison21@canalblog.com,367-600-1367,03/04/2022
Brit,Kyllford,bkyllford22@wunderground.com,365-844-0656,04/21/2022
Isidro,Topling,itopling23@hexun.com,618-181-6970,09/16/2021
Lois,Simms,lsimms24@intel.com,878-956-8856,05/28/2021
Andeee,Tiesman,atiesman25@cargocollective.com,839-758-5660,09/12/2021
Heriberto,Heinert,hheinert26@youtube.com,279-167-9558,09/12/2021
Ralph,Dray,rdray27@rambler.ru,492-862-4927,06/03/2021
Neils,Chadband,nchadband28@is.gd,389-120-5973,06/14/2021
Alexa,Lumox,alumox29@stanford.edu,915-505-5114,10/02/2021
Jenifer,Drayton,jdrayton2a@nationalgeographic.com,500-711-2886,02/25/2022
Rooney,Libbe,rlibbe2b@dailymail.co.uk,176-658-0685,05/23/2021
Herby,Bate,hbate2c@china.com.cn,381-941-8986,03/13/2022
Carlyle,Burdess,cburdess2d@washingtonpost.com,821-613-5201,09/10/2021
Floyd,Yukhnini,fyukhnini2e@clickbank.net,253-381-9358,07/14/2021
Cammie,Flory,cflory2f@zimbio.com,413-599-7513,02/24/2022
Frederic,Celand,fceland2g@unicef.org,344-153-3385,10/18/2021
Rodger,Assur,rassur2h@jigsy.com,977-328-8499,07/25/2021
Arlena,Lyall,alyall2i@tiny.cc,682-775-9986,07/14/2021
Karim,Coye,kcoye2j@japanpost.jp,209-750-5941,03/07/2022
Mechelle,Drillingcourt,mdrillingcourt2k@bizjournals.com,726-213-3386,01/08/2022
Maynord,McCadden,mmccadden2l@photobucket.com,740-972-5334,12/01/2021
Llewellyn,Grinley,lgrinley2m@latimes.com,188-707-7283,03/20/2022
Dexter,Neachell,dneachell2n@hugedomains.com,714-853-7611,05/30/2021
Biddie,Cassius,bcassius2o@nba.com,726-774-5661,12/28/2021
Gail,Hurran,ghurran2p@indiegogo.com,991-316-5836,05/17/2021
Yulma,Alenshev,yalenshev2q@ted.com,175-459-6835,07/25/2021
Flynn,Linnett,flinnett2r@free.fr,850-970-1879,02/14/2022
Renell,Guerreru,rguerreru2s@europa.eu,472-383-3330,03/08/2022
Gregg,Parfett,gparfett2t@statcounter.com,549-495-5625,02/25/2022
Miriam,Van der Son,mvanderson2u@bravesites.com,619-406-8002,07/20/2021
Sally,Van der Velden,svandervelden2v@de.vu,631-560-8546,10/09/2021
Emogene,Cobbe,ecobbe2w@geocities.jp,864-172-5224,07/04/2021
Gianni,Faers,gfaers2x@intel.com,440-873-6803,03/07/2022
Berti,Pilkington,bpilkington2y@si.edu,424-640-0790,05/17/2021
Aigneis,Epine,aepine2z@seattletimes.com,793-457-4754,12/31/2021
Zaria,Langshaw,zlangshaw30@umich.edu,585-890-0734,02/14/2022
Lyon,Goard,lgoard31@csmonitor.com,559-557-3961,12/29/2021
Dollie,Dobney,ddobney32@mac.com,545-242-9069,06/15/2021
Nathanial,MacIntosh,nmacintosh33@eepurl.com,553-296-4073,09/18/2021
Horace,Soonhouse,hsoonhouse34@1688.com,812-282-2250,08/27/2021
Bastian,Hallgate,bhallgate35@alibaba.com,617-418-7417,01/03/2022
Rolf,Randalson,rrandalson36@alibaba.com,408-215-6081,12/30/2021
Erinna,Doldon,edoldon37@1und1.de,132-465-0536,06/19/2021
Paton,Volkes,pvolkes38@sina.com.cn,640-998-6920,05/08/2021
Franciskus,Hovy,fhovy39@edublogs.org,225-907-7417,10/13/2021
Gawen,Corrett,gcorrett3a@netscape.com,401-110-6153,03/12/2022
Glennis,Martin,gmartin3b@hp.com,206-105-6052,10/14/2021
Michal,Handlin,mhandlin3c@163.com,917-784-6369,01/10/2022
Iggie,Iggulden,iiggulden3d@cam.ac.uk,618-626-7126,08/21/2021
Ardeen,Dederick,adederick3e@cdc.gov,126-755-0412,10/31/2021
Annabell,Spriggen,aspriggen3f@pbs.org,727-660-8699,05/23/2021
Creight,Roma,croma3g@theglobeandmail.com,530-621-8151,10/16/2021
Clementine,Jarrette,cjarrette3h@wikia.com,738-694-0695,06/15/2021
Dawna,Clemendet,dclemendet3i@xinhuanet.com,257-426-8645,09/26/2021
Menard,Eggleston,meggleston3j@comcast.net,785-345-4047,06/25/2021
Athena,Etoile,aetoile3k@wisc.edu,703-485-7643,01/25/2022
Robers,MacGorley,rmacgorley3l@studiopress.com,913-449-2739,07/28/2021
Hatty,Lavelle,hlavelle3m@soup.io,370-823-1037,05/20/2021
Carly,Wigmore,cwigmore3n@technorati.com,472-251-0919,10/03/2021
Aindrea,Beinke,abeinke3o@google.nl,718-183-4711,06/23/2021
Cammy,Alsopp,calsopp3p@wiley.com,392-464-6769,06/16/2021
Kristen,Barfield,kbarfield3q@squidoo.com,615-747-7022,07/06/2021
Katheryn,Verick,kverick3r@psu.edu,799-407-6180,12/10/2021
Julietta,Witard,jwitard3s@mapquest.com,420-725-9796,02/06/2022
Winonah,Sewards,wsewards3t@ted.com,405-278-7536,09/24/2021
Eunice,Tweede,etweede3u@reference.com,291-875-5293,06/14/2021
Denice,Markl,dmarkl3v@mediafire.com,284-619-2493,01/02/2022
Bernadette,Causier,bcausier3w@usa.gov,755-289-9345,11/16/2021
Dianemarie,Leonardi,dleonardi3x@jiathis.com,296-223-5382,05/16/2021
Finley,Dohmer,fdohmer3y@nps.gov,922-227-7945,10/07/2021
Helaina,Kernaghan,hkernaghan3z@redcross.org,623-822-3782,08/30/2021
Felita,Lief,flief40@apple.com,183-293-2236,01/26/2022
Mord,Tenman,mtenman41@cargocollective.com,275-644-2470,11/21/2021
Bradley,Blackadder,bblackadder42@wisc.edu,731-297-7926,12/20/2021
Erastus,Zorzenoni,ezorzenoni43@deviantart.com,453-846-6854,04/26/2022
Veradis,Porritt,vporritt44@woothemes.com,850-451-0598,01/17/2022
Erda,Scholte,escholte45@chron.com,165-655-6120,08/04/2021
York,Simmins,ysimmins46@fema.gov,386-769-2726,12/18/2021
Vilhelmina,Seath,vseath47@rakuten.co.jp,915-160-3748,09/19/2021
Leontine,Fillery,lfillery48@state.tx.us,136-586-4274,07/13/2021
Gavra,Pastor,gpastor49@theguardian.com,143-812-3846,08/15/2021
Worden,Magnay,wmagnay4a@ustream.tv,539-936-9923,01/19/2022
Giff,Aronstam,garonstam4b@youtu.be,442-103-1154,04/09/2022
Gusta,Sirr,gsirr4c@unesco.org,901-420-9522,08/04/2021
Eduino,Prichet,eprichet4d@reddit.com,743-823-2063,01/29/2022
Hans,Faircliffe,hfaircliffe4e@bing.com,484-173-3466,06/13/2021
Kyla,Galey,kgaley4f@ucoz.com,227-904-3648,10/22/2021
Appolonia,Beiderbeck,abeiderbeck4g@wunderground.com,727-556-2589,05/05/2022
Dionisio,Lunk,dlunk4h@intel.com,318-416-0572,08/26/2021
Fremont,Pinchen,fpinchen4i@t-online.de,137-411-3381,05/07/2021
Joey,Speariett,jspeariett4j@japanpost.jp,822-488-5014,09/27/2021
Rycca,Korb,rkorb4k@yale.edu,791-883-8981,02/22/2022
Myrwyn,Brandt,mbrandt4l@auda.org.au,855-154-9123,10/02/2021
Amara,Matveiko,amatveiko4m@mit.edu,505-685-7898,03/31/2022
Bernie,Barniss,bbarniss4n@behance.net,300-544-2120,11/27/2021
Dorothee,Wakeford,dwakeford4o@livejournal.com,459-248-3491,04/17/2022
Aluino,O'Donovan,aodonovan4p@whitehouse.gov,205-698-8140,02/11/2022
Sadella,Royans,sroyans4q@livejournal.com,798-834-3108,02/04/2022
Roshelle,Gatling,rgatling4r@virginia.edu,259-517-3397,05/13/2021
Jeni,Hentzeler,jhentzeler4s@economist.com,521-314-4331,02/19/2022
Ivett,Shakesby,ishakesby4t@usda.gov,489-449-5362,06/06/2021
Tybalt,Cocking,tcocking4u@sakura.ne.jp,974-228-4621,10/05/2021
Lorena,Larchiere,llarchiere4v@phoca.cz,395-116-6426,11/20/2021
Doyle,Enterlein,denterlein4w@zimbio.com,857-699-2454,12/17/2021
Perry,Zohrer,pzohrer4x@amazon.de,258-297-8001,09/15/2021
Stormi,Spyvye,sspyvye4y@ehow.com,626-740-1831,03/10/2022
Butch,Leahy,bleahy4z@imdb.com,490-150-4608,10/12/2021
Corrianne,Koppeck,ckoppeck50@shinystat.com,765-738-0272,10/03/2021
Alikee,Hegges,ahegges51@elpais.com,461-586-4260,06/14/2021
Abagael,Bonnell,abonnell52@soundcloud.com,381-892-0712,09/09/2021
Annnora,Mouser,amouser53@seattletimes.com,454-822-4709,01/12/2022
Christian,Bortoloni,cbortoloni54@topsy.com,552-172-5040,09/06/2021
Karisa,Walbrun,kwalbrun55@foxnews.com,900-183-0048,12/26/2021
Ina,Kilday,ikilday56@sogou.com,924-223-7987,11/20/2021
Sarine,Gilroy,sgilroy57@google.com.hk,335-812-5688,06/28/2021
Dag,Pieper,dpieper58@unesco.org,149-239-8244,01/10/2022
Siward,Hindsberg,shindsberg59@yahoo.com,958-201-2986,03/21/2022
Hilliard,Walewicz,hwalewicz5a@netscape.com,686-216-1509,08/13/2021
Garvey,Shea,gshea5b@wired.com,747-833-8142,04/01/2022
Vernon,Mougeot,vmougeot5c@eventbrite.com,896-821-5483,02/25/2022
Dolores,Parradye,dparradye5d@va.gov,502-798-4559,07/13/2021
Bald,Archambault,barchambault5e@slate.com,575-845-9948,02/24/2022
Thadeus,Matushenko,tmatushenko5f@answers.com,573-200-6626,03/04/2022
Deedee,Cheales,dcheales5g@economist.com,946-234-9201,06/28/2021
Claudette,Rayburn,crayburn5h@behance.net,473-363-9469,10/02/2021
Whitney,Hadleigh,whadleigh5i@clickbank.net,304-185-0631,05/23/2021
Norry,Kulicke,nkulicke5j@netlog.com,610-797-0734,03/11/2022
Jennilee,Crosier,jcrosier5k@reverbnation.com,719-400-2575,08/13/2021
Murdoch,Rushbrook,mrushbrook5l@unesco.org,338-601-0675,09/29/2021
Jan,Northcote,jnorthcote5m@cnn.com,108-876-4413,11/08/2021
Bernhard,Cometto,bcometto5n@t.co,833-886-7588,04/14/2022
Sherrie,Niles,sniles5o@canalblog.com,314-224-1513,09/06/2021
Lyndsay,Hemeret,lhemeret5p@yandex.ru,104-859-5227,03/04/2022
Ellie,Chapelhow,echapelhow5q@opera.com,200-215-1310,07/05/2021
Leigh,Deplacido,ldeplacido5r@europa.eu,427-988-0285,04/10/2022
Raquela,Statersfield,rstatersfield5s@cbsnews.com,404-506-7132,11/06/2021
Adah,Van Dijk,avandijk5t@hubpages.com,535-471-9375,06/21/2021
Lucila,Mayow,lmayow5u@wufoo.com,482-449-1134,10/27/2021
Sharai,Huws,shuws5v@gravatar.com,977-550-1119,08/13/2021
Iggy,Oultram,ioultram5w@smugmug.com,167-748-1338,11/13/2021
Norbie,Rivers,nrivers5x@cloudflare.com,249-913-1258,03/11/2022
Ediva,Christophe,echristophe5y@loc.gov,417-214-6877,08/28/2021
Carling,Costin,ccostin5z@desdev.cn,970-849-7160,05/23/2021
Ida,Mathison,imathison60@mozilla.org,782-657-4999,10/09/2021
Myrtia,Lob,mlob61@columbia.edu,161-750-0930,04/13/2022
Borden,Blasik,bblasik62@archive.org,916-883-2184,10/09/2021
Lian,Franciotti,lfranciotti63@phoca.cz,500-919-9811,05/25/2021
Ardisj,Goodwyn,agoodwyn64@paginegialle.it,663-255-6247,08/25/2021
Randolf,Pitcaithly,rpitcaithly65@mashable.com,776-340-8544,01/18/2022
Sky,Fontell,sfontell66@google.es,645-430-0850,07/08/2021
Mara,Halstead,mhalstead67@msu.edu,182-909-3394,12/22/2021
Sancho,Tampin,stampin68@mtv.com,737-968-6363,05/22/2021
Emmy,Beck,ebeck69@wordpress.com,211-628-3014,06/01/2021
Tallia,Dunmore,tdunmore6a@businessinsider.com,243-330-1496,02/28/2022
Paddy,Hanks,phanks6b@meetup.com,550-674-4480,02/19/2022
Hollyanne,Basant,hbasant6c@nationalgeographic.com,540-112-7923,06/08/2021
Bibi,Tanswill,btanswill6d@washington.edu,140-408-0165,10/12/2021
Sidonnie,Logg,slogg6e@sitemeter.com,398-802-0913,11/26/2021
Aline,Sabban,asabban6f@ask.com,414-449-5015,01/06/2022
Derron,Duxfield,dduxfield6g@jalbum.net,497-251-9721,07/15/2021
Karlee,Daintry,kdaintry6h@oakley.com,923-768-0017,05/27/2021
Robinetta,Danslow,rdanslow6i@unesco.org,560-817-4648,05/10/2021
Zollie,Hrinishin,zhrinishin6j@ucoz.ru,738-230-1312,06/30/2021
Thatch,Losel,tlosel6k@woothemes.com,979-344-1812,06/21/2021
Sheila-kathryn,Pirt,spirt6l@usda.gov,420-802-1046,06/26/2021
Nicki,Ornelas,nornelas6m@gov.uk,935-881-0391,05/30/2021
Tab,Feore,tfeore6n@mlb.com,815-446-0547,05/08/2021
Lothaire,Lonnon,llonnon6o@samsung.com,790-403-5317,07/06/2021
Mort,Montrose,mmontrose6p@washingtonpost.com,743-471-9083,10/20/2021
Pepito,Grindell,pgrindell6q@hatena.ne.jp,150-282-2455,02/03/2022
Gisela,Scorrer,gscorrer6r@devhub.com,743-297-0542,06/30/2021
Garth,Addams,gaddams6s@squidoo.com,656-669-0808,01/27/2022
Morlee,Lightbody,mlightbody6t@cpanel.net,780-625-6297,01/29/2022
Myranda,Ribchester,mribchester6u@sun.com,729-439-2357,02/22/2022
Jordana,Lacer,jlacer6v@addthis.com,585-259-1369,10/08/2021
Alphonso,Gahagan,agahagan6w@uiuc.edu,523-131-1890,09/02/2021
Christy,Fishbourne,cfishbourne6x@freewebs.com,947-812-1735,11/09/2021
Sean,Lindermann,slindermann6y@dot.gov,735-508-8852,10/28/2021
Reidar,Filler,rfiller6z@linkedin.com,135-404-5044,06/09/2021
Rochella,Urquhart,rurquhart70@utexas.edu,500-727-5742,10/12/2021
Domeniga,McGavigan,dmcgavigan71@artisteer.com,320-475-0759,05/25/2021
Gasper,Bibby,gbibby72@trellian.com,366-866-1424,04/10/2022
Albert,Caselick,acaselick73@theglobeandmail.com,136-396-3799,10/21/2021
Galvin,Nudds,gnudds74@about.me,852-235-8634,05/15/2021
Lianna,Youster,lyouster75@squarespace.com,328-645-0579,05/13/2021
Crista,Parmley,cparmley76@cisco.com,475-581-8231,08/06/2021
Nappie,Sutherley,nsutherley77@ovh.net,547-615-4364,01/06/2022
Katherine,Kosel,kkosel78@cam.ac.uk,113-753-1727,01/11/2022
Rogerio,Sposito,rsposito79@homestead.com,259-451-7521,05/28/2021
Godiva,Weyland,gweyland7a@paginegialle.it,942-287-1445,11/14/2021
Ivan,Stolberger,istolberger7b@hostgator.com,502-442-1579,10/07/2021
Darla,O'Kielt,dokielt7c@about.com,223-654-5508,09/06/2021
Griselda,Spaice,gspaice7d@cdc.gov,303-572-3826,05/31/2021
Hillie,Thiolier,hthiolier7e@networksolutions.com,333-772-5632,03/24/2022
Gennie,Howles,ghowles7f@unc.edu,418-783-0872,10/17/2021
Gnni,Gliddon,ggliddon7g@berkeley.edu,149-629-0051,01/12/2022
Cecilia,Matignon,cmatignon7h@netscape.com,220-588-2157,12/17/2021
Wendeline,McIlwraith,wmcilwraith7i@deviantart.com,815-721-6096,03/12/2022
Esme,Trendle,etrendle7j@nifty.com,202-113-5600,06/28/2021
Duffie,Cargon,dcargon7k@webnode.com,503-505-4445,02/25/2022
Arly,Coulston,acoulston7l@geocities.jp,758-127-6351,12/13/2021
Frankie,Vinecombe,fvinecombe7m@wikipedia.org,194-837-7129,04/05/2022
Kerby,Gingell,kgingell7n@symantec.com,494-744-8393,11/15/2021
Bernice,Jarrel,bjarrel7o@google.ca,127-354-8261,04/21/2022
Anatol,Brugh,abrugh7p@illinois.edu,253-741-1377,02/18/2022
Carlen,Troman,ctroman7q@fastcompany.com,877-574-8219,10/28/2021
Henrieta,Loude,hloude7r@photobucket.com,899-430-5580,12/30/2021
Margalo,Heibel,mheibel7s@economist.com,316-252-9745,11/12/2021
Arney,Givens,agivens7t@yale.edu,787-625-5125,07/18/2021
Gray,Canceller,gcanceller7u@toplist.cz,110-555-6080,05/23/2021
Luise,Gurery,lgurery7v@phoca.cz,260-938-1286,04/09/2022
Waverley,Reedman,wreedman7w@simplemachines.org,627-677-7608,12/03/2021
Gabbie,Caird,gcaird7x@over-blog.com,760-513-8488,07/29/2021
Britt,Duthie,bduthie7y@goo.gl,672-740-8376,01/24/2022
Clare,Skoof,cskoof7z@wisc.edu,448-759-9179,07/09/2021
Devy,Sandars,dsandars80@ask.com,893-712-9954,08/14/2021
Annalee,Wooding,awooding81@amazon.de,583-266-3091,02/10/2022
Letty,Salvati,lsalvati82@liveinternet.ru,340-442-8036,10/29/2021
Renae,Tewkesbury.,rtewkesbury83@census.gov,931-528-8975,07/12/2021
Lisle,McComish,lmccomish84@google.es,292-106-5171,05/11/2021
Philip,Mayward,pmayward85@biglobe.ne.jp,889-967-1943,07/30/2021
Tony,O'Lennachain,tolennachain86@craigslist.org,280-972-9703,10/18/2021
Lovell,Liptrod,lliptrod87@vk.com,892-369-3017,04/16/2022
Francyne,Hamill,fhamill88@unc.edu,257-399-4142,03/11/2022
Christal,Prinett,cprinett89@feedburner.com,755-298-7704,04/08/2022
Allayne,Brandi,abrandi8a@ask.com,250-588-4871,11/25/2021
Delinda,Dhennin,ddhennin8b@miitbeian.gov.cn,643-711-7689,10/24/2021
Olwen,Jickells,ojickells8c@gizmodo.com,600-716-1802,09/17/2021
Jarred,Galbreath,jgalbreath8d@newyorker.com,861-164-3967,03/11/2022
Pryce,Woodwin,pwoodwin8e@unesco.org,345-330-7171,05/02/2022
Aleen,Banbridge,abanbridge8f@jugem.jp,328-418-3054,03/17/2022
Aile,Dudding,adudding8g@soundcloud.com,794-429-1267,06/07/2021
Tisha,Goathrop,tgoathrop8h@discuz.net,319-215-1348,03/09/2022
Hieronymus,Aronov,haronov8i@yahoo.co.jp,790-983-2476,10/01/2021
Rudolph,Hembling,rhembling8j@weebly.com,118-472-2966,06/10/2021
Annis,Creasey,acreasey8k@google.co.uk,457-738-6806,08/04/2021
Mandie,Gooder,mgooder8l@japanpost.jp,645-185-6335,08/27/2021
Eba,Cocker,ecocker8m@gov.uk,148-420-1814,09/01/2021
Isadora,Bury,ibury8n@netlog.com,120-763-3557,09/06/2021
Noelle,Kentwell,nkentwell8o@issuu.com,651-971-6655,06/27/2021
Meryl,Demangeon,mdemangeon8p@about.me,142-391-0945,09/17/2021
Vic,Triplow,vtriplow8q@timesonline.co.uk,808-691-8579,06/13/2021
Glendon,Monteith,gmonteith8r@rambler.ru,655-170-4103,10/14/2021
Eugene,Hodgen,ehodgen8s@cnet.com,267-938-4529,12/20/2021
Jada,Abbiss,jabbiss8t@4shared.com,767-311-9742,06/12/2021
Ginger,Claasen,gclaasen8u@xrea.com,167-255-3859,09/26/2021
Galven,O'Lagene,golagene8v@drupal.org,772-942-1547,03/25/2022
Lance,Reburn,lreburn8w@mail.ru,458-711-1900,03/04/2022
Burl,Lamanby,blamanby8x@people.com.cn,331-366-8770,10/24/2021
Lita,de Najera,ldenajera8y@newsvine.com,927-628-4799,08/10/2021
Grant,Hardie,ghardie8z@wisc.edu,406-179-2143,12/22/2021
Yard,Cridlon,ycridlon90@bing.com,741-540-3545,05/25/2021
Carmine,Bucher,cbucher91@163.com,506-459-0549,06/12/2021
Kora,Svanetti,ksvanetti92@vkontakte.ru,597-813-0172,08/09/2021
Ingra,Cheke,icheke93@miitbeian.gov.cn,374-930-9273,01/30/2022
Ami,Langthorne,alangthorne94@google.ru,407-905-9579,09/11/2021
Cletus,Bard,cbard95@ebay.com,622-438-2964,08/22/2021
Antonino,Porch,aporch96@thetimes.co.uk,932-962-9527,07/04/2021
Evvy,Prandini,eprandini97@java.com,444-699-5275,09/23/2021
Arlyn,Caen,acaen98@ucsd.edu,473-232-8122,01/30/2022
Murray,Huggon,mhuggon99@dmoz.org,511-311-4180,01/18/2022
Liliane,Penquet,lpenquet9a@chronoengine.com,145-897-4760,10/06/2021
Boycie,Ivanikhin,bivanikhin9b@amazonaws.com,748-105-3732,03/03/2022
Ariel,Gillatt,agillatt9c@noaa.gov,129-813-1821,11/06/2021
Agosto,Gringley,agringley9d@so-net.ne.jp,456-422-5384,06/22/2021
Eugenio,Sawkins,esawkins9e@yahoo.com,494-773-0073,03/14/2022
Neale,Wenderott,nwenderott9f@marriott.com,541-249-3010,04/11/2022
Joyan,Kindle,jkindle9g@deviantart.com,916-143-3918,12/07/2021
Erinn,Walne,ewalne9h@goodreads.com,452-239-1952,12/20/2021
Kelsey,Ramage,kramage9i@mit.edu,609-847-6844,10/25/2021
Nicko,Cadwell,ncadwell9j@google.nl,122-385-2446,03/12/2022
Farlay,Jarrard,fjarrard9k@google.pl,678-853-9656,06/09/2021
Kinna,Kira,kkira9l@blinklist.com,337-996-5794,02/23/2022
Reuven,Bolderson,rbolderson9m@zdnet.com,499-266-3506,01/18/2022
Alvin,Bevington,abevington9n@mail.ru,219-416-1163,08/25/2021
Ogden,Hughill,ohughill9o@ihg.com,498-312-2642,02/01/2022
Harper,Dungey,hdungey9p@hp.com,720-215-9147,12/14/2021
Darryl,Fryatt,dfryatt9q@nyu.edu,241-582-8691,09/16/2021
Joanie,Ricson,jricson9r@amazonaws.com,738-339-1569,03/04/2022
Garold,Turley,gturley9s@creativecommons.org,616-600-3010,12/23/2021
Deloria,Scholte,dscholte9t@youtube.com,614-481-2857,06/03/2021
Damon,Antonacci,dantonacci9u@elegantthemes.com,707-140-8838,10/23/2021
Sabrina,Troop,stroop9v@fotki.com,280-440-1121,08/12/2021
Windy,Tembridge,wtembridge9w@apple.com,948-129-7669,02/11/2022
Belicia,McCallion,bmccallion9x@aol.com,532-136-1981,04/13/2022
Glenn,Heskins,gheskins9y@sun.com,272-882-7454,03/16/2022
Rabbi,Jizhaki,rjizhaki9z@bbc.co.uk,143-301-1364,05/09/2021
Jerad,Dicken,jdickena0@jimdo.com,593-259-7381,10/09/2021
Sonya,Chesshire,schesshirea1@csmonitor.com,715-439-4033,02/11/2022
Raimund,Kalinsky,rkalinskya2@g.co,779-542-7046,05/08/2021
Rorke,Pinchen,rpinchena3@privacy.gov.au,111-238-1952,07/12/2021
Damian,Menichini,dmenichinia4@sun.com,205-798-3855,10/14/2021
Zechariah,Cawthorne,zcawthornea5@huffingtonpost.com,220-593-8154,05/09/2021
Drucie,Schenkel,dschenkela6@addtoany.com,670-859-1840,10/03/2021
Vasili,Creyke,vcreykea7@zdnet.com,433-422-4069,12/31/2021
Elden,Prettjohn,eprettjohna8@ycombinator.com,822-328-1344,07/28/2021
Emlyn,Bunney,ebunneya9@toplist.cz,711-427-1035,08/11/2021
Cynthie,Hanssmann,chanssmannaa@who.int,825-675-8031,01/05/2022
Leoline,Winpenny,lwinpennyab@webnode.com,111-212-9758,08/05/2021
Gavra,Puckham,gpuckhamac@loc.gov,374-437-1751,08/26/2021
Cad,Skinner,cskinnerad@lycos.com,374-490-3589,07/04/2021
Sallee,Adanet,sadanetae@google.fr,457-932-9942,04/27/2022
Welbie,Powis,wpowisaf@over-blog.com,887-118-0815,11/17/2021
Binni,Meyrick,bmeyrickag@cbsnews.com,359-713-6543,11/11/2021
Lyndsey,Curds,lcurdsah@hexun.com,529-486-1141,07/28/2021
Georg,Sacher,gsacherai@cdbaby.com,537-373-4825,08/28/2021
Lynna,Pring,lpringaj@unesco.org,364-445-2888,11/24/2021
Sher,Brychan,sbrychanak@admin.ch,912-231-2598,07/16/2021
Donelle,Pavelka,dpavelkaal@yellowbook.com,859-948-7931,01/25/2022
Kennett,Fleote,kfleoteam@google.nl,886-857-9756,09/27/2021
Malina,Loyndon,mloyndonan@telegraph.co.uk,818-430-1484,02/01/2022
Ashby,Outram,aoutramao@bloglines.com,624-451-7238,05/11/2021
Stewart,Hodgins,shodginsap@fda.gov,901-287-4212,11/14/2021
Loren,Fligg,lfliggaq@icio.us,548-786-5896,10/29/2021
Shirl,Pistol,spistolar@trellian.com,835-241-2236,05/23/2021
Jo ann,Looker,jlookeras@bloglovin.com,991-121-7981,12/28/2021
Allx,Johnsee,ajohnseeat@blog.com,146-390-1974,07/17/2021
Eadmund,Shawley,eshawleyau@boston.com,461-847-8839,03/14/2022
Ricca,Yegorev,ryegorevav@symantec.com,945-396-0824,08/12/2021
Miner,Whayman,mwhaymanaw@cloudflare.com,371-866-0997,01/24/2022
Betta,Wilbore,bwilboreax@indiegogo.com,737-693-9053,01/13/2022
Christabel,Rikkard,crikkarday@twitter.com,593-812-9983,05/21/2021
Say,Dymocke,sdymockeaz@sphinn.com,655-453-8916,08/25/2021
Eveline,Gookey,egookeyb0@uiuc.edu,985-838-1744,12/16/2021
Mathilda,Eastup,meastupb1@studiopress.com,124-319-9230,08/16/2021
Elga,McKie,emckieb2@nih.gov,138-188-4843,04/28/2022
Zelma,Fallawe,zfallaweb3@furl.net,279-478-4048,10/24/2021
Cornie,Demougeot,cdemougeotb4@cbslocal.com,141-613-0156,11/13/2021
Danni,Olyfat,dolyfatb5@japanpost.jp,504-703-3093,10/12/2021
Missie,O'Bradane,mobradaneb6@parallels.com,819-154-7259,10/12/2021
Jandy,Kirwood,jkirwoodb7@pagesperso-orange.fr,857-775-4842,10/14/2021
Shalom,Bjerkan,sbjerkanb8@ucoz.com,416-814-3150,10/19/2021
Kathrine,Gentzsch,kgentzschb9@google.pl,802-462-5738,07/14/2021
Abagael,Degoey,adegoeyba@disqus.com,384-506-2971,02/13/2022
Bronnie,Willment,bwillmentbb@alibaba.com,850-402-4871,08/01/2021
Cherie,Glassup,cglassupbc@uol.com.br,115-851-6278,09/21/2021
Avrom,Broadbridge,abroadbridgebd@usa.gov,631-169-0081,01/21/2022
Abraham,Liddell,aliddellbe@mozilla.com,716-684-0591,05/23/2021
Melly,Bysshe,mbysshebf@mayoclinic.com,187-747-8575,02/15/2022
Egbert,Meynell,emeynellbg@google.de,705-325-7189,11/19/2021
Jen,Bess,jbessbh@fastcompany.com,619-876-0872,02/21/2022
Harp,De Ath,hdeathbi@usgs.gov,255-390-3768,09/18/2021
Ethan,Castellet,ecastelletbj@hao123.com,616-656-0374,02/05/2022
Randee,Canadine,rcanadinebk@comcast.net,919-989-7313,03/31/2022
Ray,Fyfield,rfyfieldbl@si.edu,784-900-4424,12/29/2021
Janella,McKenny,jmckennybm@over-blog.com,992-115-1905,07/22/2021
Tanhya,Copland,tcoplandbn@networksolutions.com,308-791-0063,03/26/2022
Jasun,Clackers,jclackersbo@jiathis.com,410-145-4894,02/16/2022
Cello,Mantha,cmanthabp@t-online.de,909-127-7497,06/30/2021
Glennis,Larmett,glarmettbq@chicagotribune.com,693-885-5876,11/20/2021
Lorette,Kubala,lkubalabr@deviantart.com,882-268-7845,04/12/2022
Andy,Hanniger,ahannigerbs@opera.com,138-131-4738,09/26/2021
Tansy,Winning,twinningbt@devhub.com,241-164-6179,04/20/2022
Jard,Aubry,jaubrybu@prweb.com,377-976-8180,02/06/2022
Ninnette,Danaher,ndanaherbv@bravesites.com,221-254-9328,06/14/2021
Damita,Mesias,dmesiasbw@google.cn,509-268-7439,11/03/2021
Emelda,Crauford,ecraufordbx@umich.edu,538-383-4681,08/28/2021
Ronna,Beetles,rbeetlesby@wsj.com,752-663-8953,04/17/2022
Ianthe,Hayward,ihaywardbz@tripadvisor.com,291-458-8048,11/03/2021
Dietrich,Buffham,dbuffhamc0@sitemeter.com,466-160-1404,03/31/2022
Morly,Culpan,mculpanc1@hatena.ne.jp,124-575-2412,06/05/2021
Cull,Kubasiewicz,ckubasiewiczc2@tripadvisor.com,886-925-3215,08/06/2021
Mariette,Adamo,madamoc3@wordpress.org,958-106-8940,11/06/2021
Sheena,Carlick,scarlickc4@cbslocal.com,586-872-3408,11/05/2021
Maurice,Hateley,mhateleyc5@reference.com,841-821-8729,08/23/2021
Timmie,Burnapp,tburnappc6@who.int,425-250-3911,10/13/2021
Diandra,Tather,dtatherc7@furl.net,350-620-7559,05/03/2022
Ferdinande,Ludford,fludfordc8@alexa.com,854-226-3294,04/12/2022
Rebecka,Maddocks,rmaddocksc9@vinaora.com,988-125-6456,10/29/2021
Feliza,Balfe,fbalfeca@berkeley.edu,863-495-1300,01/08/2022
Valli,Rolstone,vrolstonecb@mapy.cz,891-695-6223,06/20/2021
Freddie,Nash,fnashcc@example.com,508-965-8019,04/11/2022
Eula,Orht,eorhtcd@facebook.com,458-455-8229,04/27/2022
Vikki,Doding,vdodingce@cnn.com,946-925-0901,05/20/2021
Lanie,Goward,lgowardcf@miibeian.gov.cn,215-501-1805,10/06/2021
Kendall,Ioannou,kioannoucg@hp.com,621-230-8976,01/07/2022
Ambrosi,Treen,atreench@wordpress.com,673-643-4293,03/30/2022
Farris,Kunes,fkunesci@netlog.com,506-335-9246,06/07/2021
Norean,Sarre,nsarrecj@thetimes.co.uk,691-911-4614,09/18/2021
Horten,Pyburn,hpyburnck@bbc.co.uk,670-262-4887,02/24/2022
Cornela,Titlow,ctitlowcl@bbb.org,247-268-5642,12/04/2021
Mahalia,Hamblyn,mhamblyncm@marriott.com,183-564-3910,03/25/2022
Fax,Luetkemeyer,fluetkemeyercn@elegantthemes.com,549-597-3386,11/21/2021
Alfonse,Rugg,aruggco@cmu.edu,917-130-3404,02/19/2022
Lorilyn,Barczynski,lbarczynskicp@samsung.com,339-179-3835,10/07/2021
Livvy,Julian,ljuliancq@cbsnews.com,648-146-8585,10/14/2021
Kimmie,Evangelinos,kevangelinoscr@opensource.org,286-710-7045,01/07/2022
Kurt,Jeschner,kjeschnercs@usatoday.com,224-812-7795,02/24/2022
Rowland,Manssuer,rmanssuerct@psu.edu,726-574-4247,10/28/2021
Neal,Kamenar,nkamenarcu@acquirethisname.com,809-450-3539,12/28/2021
Renaldo,Stammler,rstammlercv@google.cn,101-845-3798,05/30/2021
Roddie,Mallya,rmallyacw@bandcamp.com,140-458-6669,03/03/2022
Kipp,Carnow,kcarnowcx@blinklist.com,290-801-1631,07/04/2021
Eilis,Spivey,espiveycy@vkontakte.ru,205-127-0616,02/13/2022
Armstrong,Jermin,ajermincz@tinyurl.com,510-515-7440,05/15/2021
Dwain,Moland,dmolandd0@utexas.edu,133-317-5512,04/07/2022
Noble,Rickesies,nrickesiesd1@sphinn.com,115-464-1712,01/01/2022
Natala,Lodemann,nlodemannd2@creativecommons.org,401-402-0945,04/18/2022
Claudio,Denisard,cdenisardd3@php.net,635-197-8225,11/02/2021
Ryon,Pieroni,rpieronid4@addtoany.com,362-962-7229,06/05/2021
Trish,Hrycek,thrycekd5@kickstarter.com,725-406-5998,01/06/2022
Clare,Thurlow,cthurlowd6@paypal.com,472-370-1569,12/05/2021
Early,Hutcheon,ehutcheond7@yale.edu,567-230-3971,07/28/2021
Alaine,Bunford,abunfordd8@google.nl,813-687-8146,12/20/2021
Marcelle,Adiscot,madiscotd9@berkeley.edu,756-686-7256,05/20/2021
Gizela,Cluely,gcluelyda@yandex.ru,920-453-9594,04/03/2022
Tully,Matthewson,tmatthewsondb@printfriendly.com,706-503-3725,08/12/2021
Toma,Sharples,tsharplesdc@tmall.com,898-569-8400,05/08/2021
Cobbie,Stucke,cstuckedd@ebay.com,218-513-5823,06/12/2021
Alvinia,Delouch,adelouchde@arizona.edu,228-323-8752,10/02/2021
Sheelagh,McAllister,smcallisterdf@symantec.com,305-141-4118,02/06/2022
Sylvan,Gribble,sgribbledg@ovh.net,589-225-6077,11/17/2021
Edwina,Synder,esynderdh@pbs.org,857-112-1047,07/27/2021
Yalonda,Laguerre,ylaguerredi@nydailynews.com,964-725-7699,06/18/2021
Emmanuel,Ridolfo,eridolfodj@altervista.org,625-865-1029,12/21/2021
Vikky,Kintzel,vkintzeldk@yolasite.com,418-572-3975,10/15/2021
Grace,Minchinden,gminchindendl@amazon.co.uk,583-574-5640,07/22/2021
Wyatt,Fance,wfancedm@latimes.com,507-520-9832,03/21/2022
Zara,Meth,zmethdn@java.com,168-595-7449,08/29/2021
Melody,Vossgen,mvossgendo@jugem.jp,444-643-3227,07/20/2021
Clarissa,Conor,cconordp@nps.gov,164-390-0220,12/20/2021
Collete,Hannam,channamdq@ucla.edu,834-422-6091,08/01/2021
Cass,Conibear,cconibeardr@google.ru,191-886-3338,05/01/2022
Gery,Barstock,gbarstockds@google.it,553-729-8128,07/11/2021
Ralina,Knivett,rknivettdt@answers.com,488-294-9782,06/28/2021
Sherye,Bungey,sbungeydu@clickbank.net,616-201-3669,12/04/2021
Kort,Kelling,kkellingdv@creativecommons.org,389-273-7110,02/03/2022
Gearalt,Olligan,golligandw@google.fr,623-223-1850,01/31/2022
Mariette,Sisley,msisleydx@yolasite.com,229-707-2970,05/07/2021
Garth,Zaczek,gzaczekdy@si.edu,134-186-4497,06/11/2021
Livvie,Rastrick,lrastrickdz@linkedin.com,915-569-9848,05/22/2021
Netty,Cellone,ncellonee0@hhs.gov,859-848-3527,01/26/2022
Agretha,Baudins,abaudinse1@nps.gov,144-489-9392,01/17/2022
Reeba,O Sullivan,rosullivane2@hud.gov,878-705-8097,02/15/2022
Jacquenetta,Daly,jdalye3@businessweek.com,195-791-5875,08/21/2021
Luce,Bastie,lbastiee4@fema.gov,334-548-2331,03/22/2022
Griffy,Christofol,gchristofole5@bloomberg.com,406-150-8745,10/22/2021
Travis,Smallshaw,tsmallshawe6@springer.com,875-878-8861,08/27/2021
Claudianus,Gingold,cgingolde7@nationalgeographic.com,212-954-9246,12/01/2021
Dunc,Kohler,dkohlere8@craigslist.org,684-672-2743,10/01/2021
Paige,Orys,poryse9@hibu.com,662-148-8357,09/13/2021
Lita,Darlington,ldarlingtonea@ucla.edu,654-384-5776,05/01/2022
Colline,Drezzer,cdrezzereb@nydailynews.com,896-758-5890,01/16/2022
Marlo,Linger,mlingerec@mozilla.org,717-426-8377,03/20/2022
Prisca,Bradshaw,pbradshawed@netlog.com,147-165-9413,11/13/2021
Jeremy,Crennell,jcrennellee@archive.org,983-279-0404,03/31/2022
Idelle,Magor,imagoref@buzzfeed.com,149-374-2859,07/31/2021
Kennan,Whales,kwhaleseg@earthlink.net,815-522-8038,09/25/2021
Kitti,Cream,kcreameh@naver.com,386-782-1180,01/04/2022
Ethe,Merriment,emerrimentei@weather.com,208-606-6129,10/26/2021
Rhys,Yurkevich,ryurkevichej@list-manage.com,643-286-4205,09/07/2021
Aggi,Carryer,acarryerek@behance.net,168-278-7003,07/12/2021
Brittan,Mayhead,bmayheadel@hp.com,735-108-1327,06/06/2021
Jilly,Jeannenet,jjeannenetem@flavors.me,579-586-4462,11/25/2021
Blakeley,Rosoni,brosonien@forbes.com,248-741-5317,12/19/2021
Laure,Zecchetti,lzecchettieo@addtoany.com,980-586-9749,10/15/2021
Austin,Brosch,abroschep@harvard.edu,750-454-4821,03/29/2022
Justina,Paradine,jparadineeq@jimdo.com,445-801-3853,06/08/2021
Berton,Schnitter,bschnitterer@phoca.cz,158-960-6593,05/21/2021
Alanna,Beakes,abeakeses@creativecommons.org,522-919-6912,08/17/2021
Erie,Velareal,evelarealet@bbc.co.uk,713-512-1175,12/23/2021
Tammy,Guite,tguiteeu@alibaba.com,143-255-3365,05/28/2021
Rosemary,Karlmann,rkarlmannev@fc2.com,775-378-1540,12/22/2021
Minna,Graith,mgraithew@mapquest.com,963-365-4984,03/06/2022
Ian,Tefft,itefftex@youtube.com,770-934-2202,08/31/2021
Madelle,Heilds,mheildsey@aboutads.info,923-859-2732,09/30/2021
Clayborne,Rosentholer,crosentholerez@walmart.com,848-659-9414,07/13/2021
Etienne,Khotler,ekhotlerf0@foxnews.com,101-378-5303,05/31/2021
Alvin,Ruusa,aruusaf1@opera.com,261-155-2066,06/01/2021
Lynnette,Goodricke,lgoodrickef2@mayoclinic.com,535-166-0898,09/23/2021
Vanni,Titmus,vtitmusf3@constantcontact.com,298-500-7460,12/31/2021
Skell,Formby,sformbyf4@godaddy.com,914-987-9193,07/01/2021
Melisse,Peabody,mpeabodyf5@npr.org,522-715-4592,07/05/2021
Krissy,Benton,kbentonf6@trellian.com,544-905-0748,06/08/2021
Sidney,Abelovitz,sabelovitzf7@chicagotribune.com,508-162-8376,08/08/2021
Eachelle,Cumberbatch,ecumberbatchf8@merriam-webster.com,191-585-4449,10/06/2021
Marvin,Ipplett,mipplettf9@shop-pro.jp,483-787-1402,11/08/2021
Park,Spyby,pspybyfa@moonfruit.com,490-997-6454,12/19/2021
Phylis,Crampin,pcrampinfb@cloudflare.com,112-632-7712,12/10/2021
Zach,Finci,zfincifc@comsenz.com,606-465-3747,01/16/2022
Rhonda,Kellett,rkellettfd@quantcast.com,219-188-1305,07/19/2021
Anatola,Jell,ajellfe@army.mil,353-573-8135,03/31/2022
Ursa,Overy,uoveryff@joomla.org,863-821-5251,12/08/2021
Rozalin,Blunderfield,rblunderfieldfg@is.gd,661-299-7059,02/07/2022
Colline,Strapp,cstrappfh@usnews.com,476-743-4421,11/24/2021
Charissa,Quan,cquanfi@webs.com,766-553-5664,01/22/2022
Robby,Carradice,rcarradicefj@rakuten.co.jp,946-926-4464,11/06/2021
Terence,Hillborne,thillbornefk@upenn.edu,791-489-2338,06/04/2021
Jackie,Derbyshire,jderbyshirefl@google.ru,322-284-8990,04/11/2022
Erica,Mordecai,emordecaifm@cnet.com,330-862-4048,10/19/2021
Lothario,Rigden,lrigdenfn@ycombinator.com,884-691-2262,05/26/2021
Troy,Scudder,tscudderfo@chicagotribune.com,929-290-5546,09/04/2021
Nicola,Hark,nharkfp@bandcamp.com,623-616-6345,05/20/2021
Vidovic,Harrald,vharraldfq@1und1.de,525-182-5813,10/16/2021
Ricki,Arendt,rarendtfr@springer.com,293-869-3081,01/29/2022
Olin,McCadden,omccaddenfs@independent.co.uk,797-686-0122,06/18/2021
Chantal,Woloschinski,cwoloschinskift@tiny.cc,851-441-5409,12/25/2021
Edgardo,De Angelis,edeangelisfu@hp.com,257-482-8543,04/25/2022
Ladonna,Bernette,lbernettefv@guardian.co.uk,939-132-3543,06/21/2021
Ethel,Diggens,ediggensfw@bandcamp.com,831-938-0326,01/31/2022
Freddy,Heasman,fheasmanfx@etsy.com,324-230-3621,07/14/2021
Natty,Hurdis,nhurdisfy@yandex.ru,555-106-5342,11/10/2021
Fianna,Parchment,fparchmentfz@businesswire.com,712-926-0377,04/13/2022
Mabelle,Downs,mdownsg0@yellowbook.com,721-396-2684,10/11/2021
Diena,Lindblom,dlindblomg1@zdnet.com,202-488-1541,07/11/2021
Gussi,Lechmere,glechmereg2@dyndns.org,403-488-2354,05/20/2021
Tamar,Holmyard,tholmyardg3@ycombinator.com,456-623-6667,07/06/2021
Klaus,Trever,ktreverg4@multiply.com,435-194-7247,09/19/2021
Gery,Danhel,gdanhelg5@flavors.me,976-839-5842,01/14/2022
Marcille,Liversage,mliversageg6@techcrunch.com,726-795-7586,09/26/2021
Xylia,Haigh,xhaighg7@about.me,646-810-0506,09/22/2021
Lenore,Bende,lbendeg8@bloglovin.com,285-640-4175,08/03/2021
Joel,Ferbrache,jferbracheg9@histats.com,117-868-7692,10/09/2021
Rosalinda,Bulter,rbulterga@about.com,993-677-9998,03/02/2022
Desirae,Corder,dcordergb@cdc.gov,642-156-3988,08/06/2021
Carolin,Keay,ckeaygc@deviantart.com,117-450-0508,10/09/2021
Neale,McPharlain,nmcpharlaingd@washingtonpost.com,915-282-5377,10/07/2021
Hillel,Spraggon,hspraggonge@newyorker.com,231-457-0526,03/03/2022
Orland,Craythorne,ocraythornegf@ca.gov,496-872-1935,10/30/2021
Jane,Wapples,jwapplesgg@noaa.gov,711-731-5379,06/06/2021
Clerissa,Storm,cstormgh@themeforest.net,931-321-3650,11/16/2021
Mac,Alcorn,malcorngi@reuters.com,667-691-7530,04/24/2022
Tove,Skalls,tskallsgj@nps.gov,673-716-7806,11/15/2021
Freddy,Conti,fcontigk@cafepress.com,397-149-7558,09/14/2021
Harriott,Gillbey,hgillbeygl@angelfire.com,589-985-2588,03/13/2022
Diarmid,Sabathe,dsabathegm@blogspot.com,744-808-7562,08/05/2021
Haleigh,Blumfield,hblumfieldgn@marriott.com,660-535-7423,11/25/2021
Jedediah,Ivanchov,jivanchovgo@flickr.com,826-889-5990,07/05/2021
Imogene,Oen,ioengp@arizona.edu,455-895-4199,08/12/2021
Dominik,McGinley,dmcginleygq@linkedin.com,104-485-3722,07/02/2021
Claiborne,Audsley,caudsleygr@si.edu,522-471-9946,10/11/2021
Nanny,Witherbed,nwitherbedgs@mysql.com,131-319-0144,11/13/2021
Leta,Ramsdell,lramsdellgt@constantcontact.com,600-607-9766,07/23/2021
Casey,Tutt,ctuttgu@tinyurl.com,132-939-5309,10/05/2021
Gerladina,Halbard,ghalbardgv@cloudflare.com,453-168-5920,02/08/2022
Andres,Blanchet,ablanchetgw@elpais.com,979-811-6908,07/30/2021
Jean,Colthard,jcolthardgx@cdc.gov,696-675-5363,11/11/2021
Tim,Bascomb,tbascombgy@xrea.com,851-924-9927,03/17/2022
Vasilis,Benbow,vbenbowgz@geocities.jp,778-130-2721,06/13/2021
Whitby,Youle,wyouleh0@gmpg.org,118-707-8234,01/01/2022
Sadella,Callister,scallisterh1@princeton.edu,679-441-2174,03/01/2022
Keenan,Lount,klounth2@phoca.cz,199-814-6148,05/13/2021
Cami,Redhead,credheadh3@nyu.edu,315-177-4187,08/07/2021
Korney,MacAvddy,kmacavddyh4@pagesperso-orange.fr,907-474-9851,04/22/2022
Warner,Elijah,welijahh5@pen.io,765-266-0703,04/03/2022
Nikaniki,Byart,nbyarth6@time.com,130-421-9057,03/20/2022
Caryl,Durrad,cdurradh7@princeton.edu,173-329-0185,07/05/2021
Cale,Bonin,cboninh8@t-online.de,171-617-9229,08/03/2021
Philippine,Gages,pgagesh9@yellowpages.com,374-863-2110,10/03/2021
Conant,Orniz,cornizha@about.me,674-663-9828,04/08/2022
Debbie,Embleton,dembletonhb@sfgate.com,327-815-6943,10/16/2021
Camey,Camis,ccamishc@nytimes.com,143-776-6994,01/20/2022
Virgilio,Starte,vstartehd@shutterfly.com,727-790-9294,12/21/2021
Sharity,Muffen,smuffenhe@w3.org,911-499-3339,07/09/2021
Glenine,Comer,gcomerhf@mapquest.com,702-550-1966,04/22/2022
Salomone,Elgy,selgyhg@vk.com,978-381-5976,06/03/2021
Tatiania,Frascone,tfrasconehh@hc360.com,308-742-2160,04/23/2022
Minnie,Karlolak,mkarlolakhi@dropbox.com,899-718-7321,07/16/2021
Mora,Debling,mdeblinghj@dropbox.com,196-374-4183,03/16/2022
Bobby,Marcos,bmarcoshk@reference.com,743-113-0264,09/16/2021
Bamby,Salvatore,bsalvatorehl@live.com,962-627-3099,02/06/2022
Linet,Caley,lcaleyhm@techcrunch.com,302-583-6045,08/31/2021
Fred,Gibke,fgibkehn@oracle.com,761-481-4472,04/23/2022
Katharina,Creeghan,kcreeghanho@archive.org,695-690-9839,12/19/2021
Fabian,Putson,fputsonhp@elegantthemes.com,371-208-5984,06/17/2021
Vivi,Huyton,vhuytonhq@mlb.com,254-701-9114,04/18/2022
Keven,Lightman,klightmanhr@epa.gov,101-940-4546,06/14/2021
Kenna,Ferrotti,kferrottihs@phoca.cz,956-134-3179,03/05/2022
Carmen,Thorndale,cthorndaleht@aboutads.info,922-282-8743,01/11/2022
Gamaliel,Plewman,gplewmanhu@ucoz.com,624-901-6414,11/23/2021
Veronike,Dorant,vdoranthv@sun.com,768-830-0406,02/28/2022
Kass,Ream,kreamhw@weather.com,124-968-2160,04/18/2022
Gwenny,Kneal,gknealhx@mtv.com,493-665-2208,08/03/2021
Calhoun,Poveleye,cpoveleyehy@aboutads.info,433-615-7807,08/30/2021
Terencio,Aers,taershz@kickstarter.com,485-953-2233,01/16/2022
Merell,Maclaine,mmaclainei0@upenn.edu,412-340-7887,07/28/2021
Bev,Shaul,bshauli1@delicious.com,492-529-0920,10/05/2021
Devon,Vellden,dvelldeni2@msn.com,975-816-5725,07/12/2021
Doll,Macewan,dmacewani3@tiny.cc,861-978-4604,02/11/2022
Belva,Matfin,bmatfini4@biblegateway.com,581-149-6513,03/15/2022
Leonora,Quant,lquanti5@furl.net,856-572-6505,02/13/2022
Lucian,Bene,lbenei6@fema.gov,807-152-4808,11/14/2021
Kaja,Tilne,ktilnei7@buzzfeed.com,903-846-2680,09/19/2021
Byrom,Yuryichev,byuryichevi8@chron.com,610-875-4356,05/15/2021
Athene,Barth,abarthi9@goo.ne.jp,160-197-4020,06/25/2021
Cosimo,Mc Trusty,cmctrustyia@sitemeter.com,219-430-0001,03/20/2022
Inga,Hegley,ihegleyib@liveinternet.ru,546-981-4304,03/27/2022
Carlye,McDirmid,cmcdirmidic@google.co.uk,926-871-2472,10/17/2021
Lib,Wyldes,lwyldesid@narod.ru,865-153-2209,12/23/2021
Kearney,Minton,kmintonie@lulu.com,821-913-6878,11/29/2021
Richardo,Jarry,rjarryif@cnet.com,521-713-4011,02/25/2022
Ag,Toone,atooneig@blogtalkradio.com,717-339-0140,08/02/2021
Bryana,Hatherleigh,bhatherleighih@cornell.edu,685-179-5188,07/22/2021
Christiano,Shoebrook,cshoebrookii@sciencedirect.com,225-298-8806,02/07/2022
Stacy,Courtois,scourtoisij@macromedia.com,488-350-0712,12/18/2021
Shel,Frisby,sfrisbyik@wikipedia.org,448-883-5991,09/13/2021
Say,Ardley,sardleyil@cdc.gov,885-985-8272,08/15/2021
Ezequiel,Leguay,eleguayim@wix.com,892-795-2913,05/20/2021
Gabbey,Hallwell,ghallwellin@house.gov,745-923-2259,01/21/2022
Mac,Brenstuhl,mbrenstuhlio@seesaa.net,176-947-4306,09/25/2021
Joshua,O'Giany,jogianyip@thetimes.co.uk,765-110-1127,12/03/2021
Gareth,Lomis,glomisiq@bigcartel.com,970-346-7632,05/23/2021
Richmound,Neaves,rneavesir@barnesandnoble.com,181-502-1588,10/25/2021
Twyla,Boxell,tboxellis@w3.org,211-208-3602,12/10/2021
Rodrique,Beardwood,rbeardwoodit@thetimes.co.uk,642-248-4016,02/09/2022
Dorris,Lilie,dlilieiu@dropbox.com,130-941-3497,07/07/2021
Rani,Adelsberg,radelsbergiv@spotify.com,280-651-5124,08/02/2021
Emelyne,Brogden,ebrogdeniw@who.int,513-231-3074,10/29/2021
Eran,Handscomb,ehandscombix@nba.com,166-792-6378,02/23/2022
Norbie,Ashforth,nashforthiy@oakley.com,695-339-3539,09/28/2021
Eugen,Rappport,erappportiz@wikia.com,851-610-6136,06/22/2021
Sidney,Gothrup,sgothrupj0@tiny.cc,482-226-1386,08/01/2021
Adolf,Weare,awearej1@cnet.com,833-699-9131,09/06/2021
Daron,Buscher,dbuscherj2@surveymonkey.com,790-212-1298,02/12/2022
Marcelo,Semiras,msemirasj3@51.la,773-969-4754,12/02/2021
Brocky,Stieger,bstiegerj4@github.io,512-700-4710,01/13/2022
Ansell,Bernasek,abernasekj5@creativecommons.org,430-551-2182,08/19/2021
Odella,Bilham,obilhamj6@unblog.fr,543-742-4865,04/30/2022
Sylvan,Handrick,shandrickj7@washington.edu,801-209-6908,12/13/2021
Bibby,Stoffer,bstofferj8@a8.net,487-721-0323,11/27/2021
Sheilakathryn,Munt,smuntj9@mozilla.com,440-995-0570,03/26/2022
Constancy,MacRorie,cmacrorieja@rediff.com,455-271-6766,07/21/2021
Joscelin,Tout,jtoutjb@bigcartel.com,121-246-7628,05/06/2021
Lyndy,Kinder,lkinderjc@ucoz.com,457-996-7351,03/31/2022
Alvira,Geillier,ageillierjd@altervista.org,348-173-4561,07/16/2021
Cristina,Hovey,choveyje@scribd.com,125-273-9515,07/03/2021
Levy,Sich,lsichjf@parallels.com,869-369-5903,09/30/2021
Louisa,Frostdicke,lfrostdickejg@dyndns.org,356-770-4016,02/24/2022
Any,Josipovitz,ajosipovitzjh@youku.com,854-105-9238,08/18/2021
Clio,Giorgio,cgiorgioji@netvibes.com,865-426-5127,01/17/2022
Otto,McNay,omcnayjj@bandcamp.com,902-659-0214,04/13/2022
Clemente,Bantham,cbanthamjk@rediff.com,958-708-8225,01/13/2022
Evanne,Viney,evineyjl@blog.com,629-224-4321,06/30/2021
Marget,Blodgett,mblodgettjm@over-blog.com,548-974-8823,01/18/2022
Sal,Mayston,smaystonjn@wsj.com,418-250-4575,03/17/2022
Leora,Maggorini,lmaggorinijo@artisteer.com,706-870-6462,02/24/2022
Paten,Cowey,pcoweyjp@ibm.com,838-432-4536,07/06/2021
Marylou,Zavattiero,mzavattierojq@admin.ch,970-116-6930,10/30/2021
Petronella,Czaple,pczaplejr@odnoklassniki.ru,661-453-1469,04/23/2022
Moria,Holme,mholmejs@biblegateway.com,710-680-9733,05/14/2021
Abigale,Kinker,akinkerjt@yelp.com,127-919-4486,09/21/2021
Son,Logg,sloggju@telegraph.co.uk,753-515-8273,12/01/2021
Sallyanne,Collingdon,scollingdonjv@businessweek.com,572-431-4373,01/03/2022
Jake,Prendergrast,jprendergrastjw@ebay.com,327-713-8617,02/06/2022
Jordana,Denyer,jdenyerjx@economist.com,587-235-9084,05/15/2021
Vi,Petrozzi,vpetrozzijy@elpais.com,267-650-3377,07/21/2021
Maurizia,Temblett,mtemblettjz@mediafire.com,967-266-3432,09/29/2021
Alaric,Ericssen,aericssenk0@addtoany.com,154-904-1668,05/29/2021
Emylee,Crush,ecrushk1@wp.com,265-895-7766,11/15/2021
Tiffie,Betteriss,tbetterissk2@imgur.com,966-351-4938,06/11/2021
Jarrad,Braddick,jbraddickk3@ucsd.edu,202-885-5595,06/21/2021
Yul,Pietrzyk,ypietrzykk4@moonfruit.com,119-801-7364,11/04/2021
Gerard,McPhilemy,gmcphilemyk5@360.cn,402-652-4440,12/26/2021
Adan,Maskill,amaskillk6@hatena.ne.jp,491-258-0298,04/20/2022
Romain,Burnhill,rburnhillk7@zimbio.com,925-555-7099,09/23/2021
Wainwright,Patsall,wpatsallk8@digg.com,529-910-2997,03/13/2022
Obidiah,Ipgrave,oipgravek9@phoca.cz,865-512-3161,11/20/2021
Rori,Domenget,rdomengetka@umn.edu,440-777-9176,12/29/2021
Herrick,Antonovic,hantonovickb@e-recht24.de,165-448-1348,12/18/2021
Diana,Mosdall,dmosdallkc@jigsy.com,517-816-7015,06/09/2021
Averil,Silverthorn,asilverthornkd@oracle.com,777-885-2944,12/13/2021
Letta,Klaussen,lklaussenke@amazon.de,464-229-0758,09/09/2021
Charil,Spread,cspreadkf@mediafire.com,777-738-4118,02/06/2022
Pearline,Lacelett,placelettkg@newyorker.com,754-684-0957,09/21/2021
Calli,Gueny,cguenykh@vinaora.com,973-530-4377,05/29/2021
Mirella,Jira,mjiraki@reddit.com,578-566-2360,06/13/2021
Dietrich,Ablewhite,dablewhitekj@patch.com,414-750-0305,07/24/2021
Alano,Benard,abenardkk@icio.us,300-162-5728,07/31/2021
Cate,Niave,cniavekl@free.fr,397-811-7622,07/22/2021
Zelda,Guiet,zguietkm@unicef.org,821-758-3103,02/26/2022
Jana,Oppery,jopperykn@wufoo.com,447-426-9176,04/21/2022
Caterina,Seel,cseelko@blogger.com,939-295-7706,08/14/2021
Rooney,Jeanin,rjeaninkp@soundcloud.com,163-984-2066,03/20/2022
Celinda,Mathelin,cmathelinkq@jiathis.com,489-105-6359,03/14/2022
Klaus,Camin,kcaminkr@nasa.gov,930-968-5296,02/24/2022
Mayne,Proby,mprobyks@istockphoto.com,287-914-0300,05/02/2022
Kimberlyn,Craigmile,kcraigmilekt@people.com.cn,316-993-0357,04/27/2022
Wallace,Georgeot,wgeorgeotku@booking.com,680-224-1098,01/09/2022
Brantley,Jacombs,bjacombskv@ezinearticles.com,726-724-6091,05/08/2021
Leeann,Norkutt,lnorkuttkw@sun.com,415-232-2302,11/20/2021
Dodie,Daviot,ddaviotkx@paypal.com,946-207-2816,04/19/2022
Pierre,Wedderburn,pwedderburnky@unesco.org,666-338-8652,09/12/2021
Karna,Stogill,kstogillkz@opensource.org,913-969-2688,06/16/2021
Angelina,Hatcher,ahatcherl0@mozilla.org,795-535-2426,11/21/2021
Raye,Althorp,ralthorpl1@weather.com,407-456-7473,02/22/2022
Humbert,California,hcalifornial2@homestead.com,949-316-8360,06/05/2021
Lizette,Genny,lgennyl3@flavors.me,863-974-4155,09/13/2021
Henriette,Phlippi,hphlippil4@nyu.edu,817-275-6551,07/31/2021
Gordon,Latliff,glatliffl5@independent.co.uk,908-564-1112,11/21/2021
Isak,Iwaszkiewicz,iiwaszkiewiczl6@skype.com,801-571-3942,10/28/2021
Chrissy,Ciobutaru,cciobutarul7@google.cn,152-662-4325,06/22/2021
Morganne,Pilkington,mpilkingtonl8@bandcamp.com,673-783-2517,06/21/2021
Nathalie,Hamor,nhamorl9@shutterfly.com,229-821-9388,05/28/2021
Mellisent,Salling,msallingla@google.com.hk,164-629-8416,12/24/2021
Barny,Fansy,bfansylb@nbcnews.com,444-196-6035,01/08/2022
Florian,Cronk,fcronklc@yelp.com,975-547-4419,07/01/2021
Felicio,Freda,ffredald@webnode.com,199-229-2932,05/25/2021
Fiorenze,O'Flynn,foflynnle@bigcartel.com,992-802-8994,07/18/2021
Wald,Plaide,wplaidelf@usnews.com,969-657-6570,02/26/2022
Gael,Slimm,gslimmlg@sakura.ne.jp,842-355-0475,10/10/2021
Paolina,Dufall,pdufalllh@thetimes.co.uk,121-964-8566,10/09/2021
Teriann,Duignan,tduignanli@psu.edu,919-298-2601,12/09/2021
Myrle,Viall,mvialllj@infoseek.co.jp,970-561-8552,04/11/2022
Lorenzo,Collabine,lcollabinelk@dropbox.com,524-321-7113,12/23/2021
Johnny,Chaplin,jchaplinll@surveymonkey.com,255-727-8531,03/30/2022
Cristen,Sandeman,csandemanlm@slideshare.net,398-701-9220,08/24/2021
Cordy,Goodhay,cgoodhayln@auda.org.au,410-487-0754,01/06/2022
Addi,Smickle,asmicklelo@thetimes.co.uk,265-793-0807,07/08/2021
Laraine,Cholonin,lcholoninlp@goo.gl,214-900-6783,07/15/2021
Adriaens,Whittaker,awhittakerlq@house.gov,757-819-8745,03/27/2022
Valenka,Czajkowski,vczajkowskilr@rediff.com,560-463-7286,01/26/2022
Hetti,Reiner,hreinerls@purevolume.com,780-129-0779,12/11/2021
Woodrow,Minor,wminorlt@themeforest.net,982-796-4598,12/01/2021
Devondra,Lauret,dlauretlu@clickbank.net,615-106-0507,04/22/2022
Vernon,Olwen,volwenlv@fema.gov,609-580-8524,07/09/2021
Ulrick,Jaqueme,ujaquemelw@studiopress.com,778-992-7919,03/19/2022
Zuzana,Geater,zgeaterlx@usda.gov,654-710-9830,12/11/2021
Ralf,Bernard,rbernardly@ning.com,621-326-2866,10/11/2021
Bird,Fisk,bfisklz@live.com,637-530-9832,04/27/2022
Kath,Page,kpagem0@adobe.com,191-892-9894,05/30/2021
Roz,Janicek,rjanicekm1@cam.ac.uk,720-164-1969,01/11/2022
Timmy,MacKain,tmackainm2@sitemeter.com,298-495-1180,01/11/2022
Claudell,Kacheler,ckachelerm3@rakuten.co.jp,106-255-3879,08/30/2021
Scotti,Blewitt,sblewittm4@wired.com,471-559-5503,08/13/2021
Babs,Badger,bbadgerm5@huffingtonpost.com,541-998-2271,04/08/2022
Bobbie,Brugemann,bbrugemannm6@newyorker.com,865-985-9482,03/07/2022
Mariya,Cansdall,mcansdallm7@ca.gov,403-354-4227,07/16/2021
Chance,Shama,cshamam8@mapquest.com,626-944-5169,09/19/2021
David,Tarplee,dtarpleem9@amazonaws.com,504-781-2540,01/10/2022
Audrey,Halgarth,ahalgarthma@google.de,813-940-2120,10/09/2021
Silvano,Flewin,sflewinmb@163.com,386-325-1159,10/07/2021
Jerrold,Levins,jlevinsmc@census.gov,733-319-7988,03/18/2022
Benny,Glasbey,bglasbeymd@cocolog-nifty.com,344-175-8441,12/02/2021
Kristin,Sneath,ksneathme@aboutads.info,681-759-5826,10/23/2021
Luke,Harriott,lharriottmf@arstechnica.com,519-188-6086,12/07/2021
Forester,Janacek,fjanacekmg@icio.us,843-494-3506,08/04/2021
Cazzie,Pattullo,cpattullomh@ebay.co.uk,845-734-8516,09/25/2021
Mort,Hakewell,mhakewellmi@dagondesign.com,763-469-0692,08/29/2021
Jacquelin,Mongin,jmonginmj@hhs.gov,721-367-6819,10/27/2021
Osbourne,Guttridge,oguttridgemk@samsung.com,703-934-9651,09/16/2021
Godfrey,Lindsey,glindseyml@skyrock.com,369-752-2900,03/19/2022
Hedda,Lagen,hlagenmm@biblegateway.com,759-690-3065,08/31/2021
Hew,Bartul,hbartulmn@goo.ne.jp,730-706-5551,03/16/2022
Barthel,Cake,bcakemo@google.cn,629-262-9328,03/21/2022
Annabelle,McPeice,amcpeicemp@com.com,763-125-9192,02/21/2022
Julina,Sabbin,jsabbinmq@github.com,790-599-7722,03/31/2022
Demetria,Huckell,dhuckellmr@nhs.uk,513-571-8907,11/11/2021
Andy,Sprowson,asprowsonms@vistaprint.com,994-893-4030,09/25/2021
Tersina,Helbeck,thelbeckmt@sakura.ne.jp,236-730-7361,08/08/2021
Germaine,Kubista,gkubistamu@go.com,832-777-6878,10/20/2021
Ernest,Connaughton,econnaughtonmv@geocities.com,255-212-6074,10/28/2021
Tatum,Wakley,twakleymw@ebay.com,600-399-3868,04/23/2022
Carmine,Duran,cduranmx@squarespace.com,818-767-2777,07/25/2021
Genia,Cormode,gcormodemy@theatlantic.com,849-848-5780,07/03/2021
Devlen,Pitblado,dpitbladomz@mit.edu,490-717-8154,11/25/2021
Jarvis,Haslam,jhaslamn0@so-net.ne.jp,425-596-7443,06/20/2021
Nixie,de Chastelain,ndechastelainn1@people.com.cn,334-823-4193,09/13/2021
Babb,Wybrow,bwybrown2@sourceforge.net,890-573-4873,09/25/2021
Carlotta,Websdale,cwebsdalen3@ustream.tv,995-250-0788,02/22/2022
Earlie,Beveridge,ebeveridgen4@imdb.com,588-402-5935,04/22/2022
Hanson,Tugman,htugmann5@fotki.com,712-799-6554,10/24/2021
Archambault,Klampk,aklampkn6@cloudflare.com,538-267-0893,02/17/2022
Abraham,Myott,amyottn7@economist.com,445-295-2281,02/01/2022
Audry,Witherden,awitherdenn8@ovh.net,193-174-4913,09/05/2021
Romola,Mark,rmarkn9@economist.com,915-291-7233,11/30/2021
Alyson,Sowersby,asowersbyna@ehow.com,371-101-4615,07/19/2021
Barbra,Studeart,bstudeartnb@wikispaces.com,109-606-1638,06/06/2021
Gunther,Scanlan,gscanlannc@msu.edu,605-776-5926,10/22/2021
Ginni,Quinnet,gquinnetnd@pcworld.com,122-973-1494,07/14/2021
Timothy,MacKartan,tmackartanne@hhs.gov,459-372-6014,04/27/2022
Nicky,Jehu,njehunf@stanford.edu,822-101-7931,08/28/2021
Stefano,Tattersall,stattersallng@w3.org,303-993-8200,04/22/2022
Con,Camin,ccaminnh@illinois.edu,658-933-8499,08/14/2021
Clerkclaude,Stihl,cstihlni@sourceforge.net,706-791-3395,10/26/2021
Arlina,Eckels,aeckelsnj@unicef.org,324-795-8184,02/17/2022
Ally,Hartup,ahartupnk@rambler.ru,760-683-5613,10/23/2021
Claybourne,Olliver,collivernl@chronoengine.com,629-510-1642,06/01/2021
Willem,Pavey,wpaveynm@psu.edu,115-782-0207,03/23/2022
Gherardo,Such,gsuchnn@timesonline.co.uk,348-977-5398,04/23/2022
Gigi,Beak,gbeakno@abc.net.au,515-132-9505,11/28/2021
Carole,Langtry,clangtrynp@hc360.com,335-930-0579,01/05/2022
Eleni,Guesford,eguesfordnq@bloglines.com,219-505-8731,09/10/2021
Rosaline,Durtnall,rdurtnallnr@java.com,481-105-6264,03/18/2022
Katleen,Fiveash,kfiveashns@discovery.com,442-550-4267,01/18/2022
Ethelda,Dagwell,edagwellnt@php.net,981-522-3863,05/15/2021
Andie,Crosskell,acrosskellnu@blogspot.com,972-247-1748,12/24/2021
Drona,Thying,dthyingnv@dmoz.org,715-202-4578,11/28/2021
Todd,Ramm,trammnw@purevolume.com,114-233-5447,01/28/2022
Madelene,Risbie,mrisbienx@wikipedia.org,725-109-1654,07/17/2021
Fraser,Legrand,flegrandny@livejournal.com,238-217-4125,10/05/2021
Jobi,Harrinson,jharrinsonnz@google.ru,399-159-1955,11/20/2021
Ferrell,Nisard,fnisardo0@si.edu,331-549-1227,09/25/2021
Nadiya,Bertholin,nbertholino1@state.gov,652-609-2289,10/28/2021
Loy,Drinnan,ldrinnano2@angelfire.com,170-598-8656,01/22/2022
Carr,Ludwig,cludwigo3@dot.gov,824-930-7432,06/27/2021
Chaddie,Cowgill,ccowgillo4@microsoft.com,122-506-6818,09/28/2021
Ardella,Dumper,adumpero5@canalblog.com,547-571-4222,05/27/2021
Jonell,Pendre,jpendreo6@zimbio.com,371-715-1326,10/09/2021
Dan,Featenby,dfeatenbyo7@whitehouse.gov,312-726-6817,12/06/2021
Jake,Haill,jhaillo8@sogou.com,593-698-0454,02/12/2022
Arnold,Weatherhogg,aweatherhoggo9@usa.gov,479-423-6503,08/27/2021
Carilyn,Alentyev,calentyevoa@archive.org,362-333-9852,10/14/2021
Cordey,Briggs,cbriggsob@si.edu,966-436-1030,02/17/2022
Willard,Veronique,wveroniqueoc@instagram.com,421-655-9951,03/19/2022
Corene,Spadoni,cspadoniod@upenn.edu,424-224-6740,01/24/2022
Scot,Prate,sprateoe@reverbnation.com,172-124-8509,02/09/2022
Luz,Tumilson,ltumilsonof@time.com,970-375-9616,04/05/2022
Gerrilee,Bouskill,gbouskillog@sogou.com,895-465-8957,01/05/2022
Terrence,Rochford,trochfordoh@shop-pro.jp,329-633-9046,10/31/2021
Marijn,Izhaky,mizhakyoi@123-reg.co.uk,990-165-9290,02/24/2022
Nathalia,Leslie,nleslieoj@cbsnews.com,237-131-0439,07/16/2021
Tadeo,Excell,texcellok@shop-pro.jp,327-545-3281,03/06/2022
Benedikt,Lannen,blannenol@geocities.com,526-202-5031,04/25/2022
Lavena,Airth,lairthom@patch.com,840-518-5489,01/05/2022
Marnia,Stave,mstaveon@skyrock.com,907-422-1726,03/29/2022
Ange,Reisin,areisinoo@mail.ru,503-230-1192,06/27/2021
Haroun,Liggens,hliggensop@geocities.com,925-429-7899,02/28/2022
Alva,Cain,acainoq@geocities.com,603-951-1033,07/05/2021
Mathilde,Lambis,mlambisor@msn.com,270-507-8672,02/12/2022
Allistir,Milvarnie,amilvarnieos@blogtalkradio.com,232-160-7124,01/03/2022
Sallee,Easson,seassonot@weibo.com,452-199-3100,11/11/2021
Earle,Widdowfield,ewiddowfieldou@sohu.com,598-556-1338,08/14/2021
Rodolphe,Leggott,rleggottov@hud.gov,897-440-1863,02/13/2022
D'arcy,Myhill,dmyhillow@tmall.com,129-708-2202,03/10/2022
Arron,Beardshall,abeardshallox@epa.gov,866-377-6499,05/18/2021
Kellen,Parkinson,kparkinsonoy@ucsd.edu,154-136-0457,06/23/2021
Daryl,Critcher,dcritcheroz@vk.com,226-458-9651,03/07/2022
Cherida,Wasylkiewicz,cwasylkiewiczp0@reference.com,221-328-3368,10/08/2021
Hamid,Thorbon,hthorbonp1@ehow.com,648-189-5774,04/24/2022
Abbie,Marcus,amarcusp2@deviantart.com,975-236-4886,09/05/2021
Keene,Sabberton,ksabbertonp3@chron.com,290-910-8343,05/08/2021
Lanni,Rapper,lrapperp4@nydailynews.com,521-106-3154,05/24/2021
Jefferson,Keach,jkeachp5@google.es,613-849-7882,01/13/2022
Beau,Clohessy,bclohessyp6@statcounter.com,643-983-3367,01/13/2022
Etan,Guerry,eguerryp7@stanford.edu,506-290-8718,07/16/2021
Karlik,Spawton,kspawtonp8@tiny.cc,413-616-1849,05/13/2021
Terri,Spittles,tspittlesp9@sciencedirect.com,862-245-9208,02/08/2022
Othilia,Meader,omeaderpa@quantcast.com,917-736-3437,10/13/2021
Kurt,Shorbrook,kshorbrookpb@ft.com,484-561-1818,03/03/2022
Bari,Jasper,bjasperpc@bbc.co.uk,905-609-2281,02/06/2022
Carr,Taunton.,ctauntonpd@google.nl,475-817-4389,07/01/2021
Finn,Mackley,fmackleype@bandcamp.com,345-956-5368,11/27/2021
Bertrando,Robbs,brobbspf@trellian.com,779-625-4267,01/12/2022
Caryl,Rameau,crameaupg@redcross.org,863-227-6600,04/18/2022
Tracey,Breeton,tbreetonph@desdev.cn,788-372-4693,01/13/2022
Dagmar,Turk,dturkpi@hibu.com,397-631-4313,08/22/2021
Jillane,Netherwood,jnetherwoodpj@reference.com,859-787-5642,07/23/2021
Jonah,Denniston,jdennistonpk@nba.com,942-439-7466,02/28/2022
Shayna,Marval,smarvalpl@geocities.com,879-817-5407,07/07/2021
Stevy,Tebald,stebaldpm@toplist.cz,936-548-2389,03/24/2022
Athene,Wisedale,awisedalepn@webs.com,521-315-0854,04/19/2022
Leilah,Ladley,lladleypo@npr.org,911-347-1386,07/16/2021
Rennie,Brockett,rbrockettpp@creativecommons.org,844-974-3244,09/21/2021
Caryl,Cabrara,ccabrarapq@auda.org.au,964-548-9880,11/28/2021
Davis,Oyley,doyleypr@gravatar.com,533-857-1167,04/11/2022
Diarmid,Garden,dgardenps@auda.org.au,436-451-5319,10/19/2021
Allyn,Orman,aormanpt@networkadvertising.org,895-391-8297,11/17/2021
Agna,Vidgeon,avidgeonpu@buzzfeed.com,368-663-8842,01/23/2022
Randene,Darrach,rdarrachpv@mysql.com,125-478-7635,04/06/2022
Melisa,Howarth,mhowarthpw@nih.gov,895-422-4610,06/05/2021
Kirstyn,Mussalli,kmussallipx@diigo.com,115-577-0575,10/19/2021
Port,Jobke,pjobkepy@ning.com,523-500-0226,07/28/2021
Jaquelyn,Hooban,jhoobanpz@xrea.com,278-822-4749,12/09/2021
Kendrick,Maberley,kmaberleyq0@comcast.net,863-513-7812,12/02/2021
Broderick,Hefner,bhefnerq1@cargocollective.com,290-453-0559,04/22/2022
Lurette,Lakeman,llakemanq2@unicef.org,593-907-5378,10/06/2021
Ambros,McGinley,amcginleyq3@etsy.com,122-540-6825,05/28/2021
Joelie,Scanterbury,jscanterburyq4@comcast.net,221-153-2721,09/02/2021
Rosette,MacClancey,rmacclanceyq5@yellowbook.com,656-777-2829,09/03/2021
Hazel,Penella,hpenellaq6@flavors.me,554-843-9106,11/01/2021
Corena,Baudin,cbaudinq7@google.ca,165-602-8670,10/03/2021
Isabeau,Daintree,idaintreeq8@usnews.com,113-558-5219,06/15/2021
Halimeda,Fairy,hfairyq9@intel.com,232-387-3463,08/10/2021
Aurore,Ranklin,aranklinqa@weibo.com,784-192-3930,09/24/2021
Alexina,Gehrels,agehrelsqb@foxnews.com,711-922-3476,12/29/2021
Sancho,Pilfold,spilfoldqc@icio.us,356-735-1839,10/02/2021
Nealon,Brotherheed,nbrotherheedqd@symantec.com,481-489-0215,07/21/2021
Nicolle,Trahair,ntrahairqe@icio.us,701-108-0268,08/23/2021
Van,Huffa,vhuffaqf@wsj.com,739-391-3330,02/18/2022
Paddy,O'Spellissey,pospellisseyqg@springer.com,448-996-4754,06/29/2021
Palmer,Stent,pstentqh@ft.com,765-178-4292,04/15/2022
Rahal,Elliott,relliottqi@ning.com,972-306-0554,11/22/2021
Jaimie,Jeanin,jjeaninqj@spiegel.de,698-381-7103,12/07/2021
Gorden,Tackett,gtackettqk@vk.com,323-800-0730,08/11/2021
Liv,Dobinson,ldobinsonql@dailymotion.com,117-422-4004,12/01/2021
Brandyn,Banthorpe,bbanthorpeqm@cdc.gov,721-291-4323,11/06/2021
Samuele,Niven,snivenqn@rakuten.co.jp,304-667-5568,11/29/2021
Janette,Merrett,jmerrettqo@example.com,922-542-7398,11/05/2021
Danika,Grebbin,dgrebbinqp@blogspot.com,852-384-7063,03/30/2022
Kakalina,Carrabott,kcarrabottqq@biblegateway.com,332-809-1704,07/16/2021
Myriam,Edmans,medmansqr@sciencedirect.com,583-481-1551,05/26/2021
Timotheus,Sellick,tsellickqs@altervista.org,320-799-7445,02/10/2022
Clarabelle,Smurfit,csmurfitqt@zdnet.com,796-316-4131,05/17/2021
Ethelbert,Jone,ejonequ@gnu.org,926-565-0203,02/20/2022
Lynnette,Ritelli,lritelliqv@bloglines.com,956-212-3927,01/22/2022
Akim,Hawtrey,ahawtreyqw@google.it,268-874-3016,05/28/2021
Anna,Dolley,adolleyqx@ftc.gov,560-100-8700,01/05/2022
Cobbie,Killimister,ckillimisterqy@amazon.de,305-495-3546,08/26/2021
Calhoun,Sichardt,csichardtqz@odnoklassniki.ru,822-973-1109,08/31/2021
Lorettalorna,Benjafield,lbenjafieldr0@trellian.com,563-902-9765,05/26/2021
Athena,Tavernor,atavernorr1@wp.com,779-476-8591,09/03/2021
Rubin,Flay,rflayr2@independent.co.uk,294-671-2676,11/07/2021
Ingar,Gallety,igalletyr3@howstuffworks.com,506-438-0518,02/20/2022
Ax,Dovidaitis,adovidaitisr4@vkontakte.ru,261-195-3805,03/26/2022
Rickie,Syseland,rsyselandr5@arstechnica.com,233-574-9620,11/16/2021
Marilyn,Rzehor,mrzehorr6@qq.com,245-703-9885,05/31/2021
Ambrose,D'Antoni,adantonir7@goo.gl,786-463-2662,10/14/2021
Archer,Matiewe,amatiewer8@joomla.org,102-808-6799,12/21/2021
Hendrik,Turbard,hturbardr9@wordpress.com,279-704-3227,11/09/2021
Nicoline,Klos,nklosra@accuweather.com,872-538-6331,02/25/2022
Theressa,Lidden,tliddenrb@cpanel.net,103-899-2069,08/12/2021
Vivianne,Wasbey,vwasbeyrc@house.gov,981-155-5025,01/24/2022
Lynne,Deex,ldeexrd@engadget.com,368-919-7389,03/15/2022
Anet,Youthead,ayoutheadre@ihg.com,972-281-8359,02/24/2022
Candie,Matussov,cmatussovrf@sourceforge.net,575-818-7080,03/02/2022
Meagan,Schwanden,mschwandenrg@theatlantic.com,579-155-9505,05/12/2021
Jayme,Canby,jcanbyrh@wix.com,805-925-0650,09/16/2021
Meyer,Greave,mgreaveri@cyberchimps.com,665-195-8949,01/12/2022
Sena,Orrocks,sorrocksrj@slideshare.net,652-917-6987,11/01/2021
Van,Crosfeld,vcrosfeldrk@mayoclinic.com,706-189-0233,04/11/2022
Freddy,Grealish,fgrealishrl@abc.net.au,542-585-8446,03/19/2022
Jobye,Dillaway,jdillawayrm@si.edu,555-417-8575,02/06/2022
Ali,Rye,aryern@shutterfly.com,951-252-0400,08/24/2021
Euphemia,Colebrook,ecolebrookro@imgur.com,112-531-4175,06/18/2021
Ceil,Woodlands,cwoodlandsrp@tiny.cc,429-326-3918,01/16/2022
Marysa,Callinan,mcallinanrq@google.es,633-667-1074,12/02/2021
Dov,Lightman,dlightmanrr@ebay.com,862-665-1078,02/01/2022
